imdb_id,company_id,company_name
/title/tt0082096/,46,WDR
/title/tt0116583/,171656,Walt Disney Feature Animation
/title/tt0181689/,766,Blue Tulip Productions
/title/tt0181689/,26265,Ronald Shusett/Gary Goldman
/title/tt0181689/,7,DreamWorks Pictures
/title/tt0066206/,25,20th Century Fox
/title/tt1255953/,310,CNC
/title/tt0065234/,72,Valoria Films
/title/tt0211915/,4411,MMC Independent
/title/tt0211915/,25020,Victoires Productions
/title/tt0407887/,81,Plan B Entertainment
/title/tt0091763/,104411,Cinema 86
/title/tt0110877/,6651,Penta Film
/title/tt0475276/,10163,Working Title Films
/title/tt1136608/,20667,District 9
/title/tt0253474/,265,Runteam
/title/tt0440963/,11349,Bourne Again
/title/tt2119532/,94431,Kylin Pictures
/title/tt0038574/,2886,Cineguild
/title/tt0120324/,762,Mutual Film Company
/title/tt0051036/,109015,Norma Productions
/title/tt0352248/,23,Imagine Entertainment
/title/tt0272338/,211621,JoAnne Sellar Productions
/title/tt0071360/,4,Paramount
/title/tt0112384/,23,Imagine Entertainment
/title/tt0105695/,174,Warner Bros. Pictures
/title/tt0169547/,2721,Jinks/Cohen Company
/title/tt0257044/,80,The Zanuck Company
/title/tt0064116/,218,Rafran Cinematografica
/title/tt1504320/,19578,Momentum Pictures
/title/tt0107616/,288,BBC Film
/title/tt0230600/,694,StudioCanal
/title/tt0970179/,3281,GK Films
/title/tt10272386/,86902,Embankment Films
/title/tt0060827/,6181,SF Studios
/title/tt0111495/,6274,MK2 Films
/title/tt0287467/,49,El Deseo
/title/tt0119698/,1779,Tokuma Shoten
/title/tt0021749/,1315,Charles Chaplin Productions
/title/tt0108101/,18189,Spelling Films International
/title/tt0046911/,534,Filmsonor
/title/tt0045793/,5,Columbia Pictures
/title/tt0119654/,56,Amblin Entertainment
/title/tt0069281/,12146,Palomar Pictures International
/title/tt1028532/,1843,Grand Army Entertainment
/title/tt0117631/,8,Fine Line Features
/title/tt4016934/,34725,Moho Film
/title/tt1010048/,6705,Film4 Productions
/title/tt0034583/,174,Warner Bros. Pictures
/title/tt0120815/,762,Mutual Film Company
/title/tt0071315/,6226,Penthouse
/title/tt0057115/,219,The Mirisch Company
/title/tt0065214/,4051,Warner Bros-Seven Arts
/title/tt1255953/,7273,Phi Group
/title/tt0375679/,25434,Harris Company
/title/tt0058461/,19498,Ocean Films
/title/tt0120802/,11572,CITY-TV
/title/tt0118694/,26492,Jet Tone Films
/title/tt0335266/,113241,Elemental Films
/title/tt1136608/,11,WingNut Films
/title/tt0083658/,174,Warner Bros. Pictures
/title/tt0454876/,444,Dune Entertainment
/title/tt0103873/,294,New Zealand Film Commission
/title/tt0106308/,467,Renaissance Pictures
/title/tt0105151/,272,Spelling Entertainment
/title/tt0325980/,2,Walt Disney Pictures
/title/tt0036868/,6,RKO Radio Pictures
/title/tt2267998/,22213,TSG Entertainment
/title/tt2267998/,25,20th Century Fox
/title/tt0117731/,4,Paramount
/title/tt0053291/,11982,Ashton Productions
/title/tt0108065/,4,Paramount
/title/tt0029843/,174,Warner Bros. Pictures
/title/tt0338013/,10039,Anonymous Content
/title/tt0119217/,14,Miramax
/title/tt0137523/,508,Regency Enterprises
/title/tt0116191/,14,Miramax
/title/tt0120176/,65514,Magnolia Films
/title/tt0118842/,16934,View Askew Productions
/title/tt0910970/,2,Walt Disney Pictures
/title/tt0107207/,33,Universal Pictures
/title/tt1125849/,7503,Protozoa Pictures
/title/tt0166896/,694,StudioCanal
/title/tt0120663/,174,Warner Bros. Pictures
/title/tt0312004/,297,Aardman
/title/tt0150662/,76,Zentropa Entertainments
/title/tt0099334/,875,Films A2
/title/tt0097165/,10282,Silver Screen Partners IV
/title/tt1675434/,9,Gaumont
/title/tt0114746/,33,Universal Pictures
/title/tt0499549/,574,Lightstorm Entertainment
/title/tt0052311/,10330,Universal International Pictures
/title/tt0208092/,3287,Screen Gems
/title/tt0095250/,9,Gaumont
/title/tt0353969/,3657,Sidus
/title/tt0167404/,17032,Barry Mendel Productions
/title/tt0120815/,1557,The Mark Gordon Company
/title/tt1022603/,43,Fox Searchlight Pictures
/title/tt0068646/,4,Paramount
/title/tt0405094/,58,Sony Pictures Classics
/title/tt0203009/,240,Bazmark Films
/title/tt0405159/,171,Malpaso Productions
/title/tt0093058/,50819,Natant
/title/tt1375666/,9996,Syncopy
/title/tt1024648/,3281,GK Films
/title/tt1832382/,84798,Dreamlab Films
/title/tt0111507/,22587,CAB Productions
/title/tt0112682/,68517,Studio Image
/title/tt0037558/,2886,Cineguild
/title/tt0171804/,307,IFC Films
/title/tt0171804/,1422,Killer Films
/title/tt0780504/,11337,Motel Movies
/title/tt0132477/,33,Universal Pictures
/title/tt0120382/,258,Scott Rudin Productions
/title/tt0098635/,97,Castle Rock Entertainment
/title/tt0268978/,33,Universal Pictures
/title/tt0042546/,10330,Universal International Pictures
/title/tt0169547/,7,DreamWorks Pictures
/title/tt0117802/,2833,Independent Pictures (II)
/title/tt1285016/,258,Scott Rudin Productions
/title/tt0119349/,43,Fox Searchlight Pictures
/title/tt0078841/,1176,Lorimar Film Entertainment
/title/tt0099348/,335,Tig Productions
/title/tt0408236/,80,The Zanuck Company
/title/tt0765429/,33,Universal Pictures
/title/tt0312004/,521,DreamWorks Animation
/title/tt1727824/,11391,Tribeca Productions
/title/tt0434409/,264,Studio Babelsberg
/title/tt3170832/,35846,No Trace Camping
/title/tt0099334/,7248,Union Générale Cinématographique (UGC)
/title/tt1305806/,6458,INCAA
/title/tt0101640/,2269,China Film Co-Production Corporation
/title/tt1555149/,13969,Globo Filmes
/title/tt0097165/,9195,Touchstone Pictures
/title/tt0119094/,455,Permut Presentations
/title/tt0069704/,536,The Coppola Company
/title/tt0099685/,8880,Winkler Films
/title/tt0105488/,62139,M & A
/title/tt1065073/,11510,Detour Filmproduction
/title/tt0358273/,86,Catfish Productions
/title/tt0367110/,3119,Ashutosh Gowariker Productions
/title/tt0083987/,500,Goldcrest
/title/tt5013056/,10611,Ciné+
/title/tt0113627/,15547,Initial Productions
/title/tt0046359/,4,Paramount
/title/tt1302006/,11391,Tribeca Productions
/title/tt0758758/,137406,Square One C.I.H.
/title/tt0120188/,23691,Junger Witt Productions
/title/tt0211915/,592,Claudie Ossard Productions
/title/tt1220719/,152358,Time Antaeus Media Group
/title/tt0087843/,1256,PSO
/title/tt0120684/,13495,Flashpoint (I)
/title/tt0111507/,38,Zespół Filmowy TOR
/title/tt0108394/,38,Zespół Filmowy TOR
/title/tt0112471/,104576,Filmhaus Films
/title/tt0112471/,11510,Detour Filmproduction
/title/tt1136608/,559,TriStar Pictures
/title/tt0440963/,264,Studio Babelsberg
/title/tt8267604/,125717,Clandestino Filmes
/title/tt0112682/,25020,Victoires Productions
/title/tt0112682/,694,StudioCanal
/title/tt0110005/,2306,Fontana Productions
/title/tt0111149/,980,The Glasgow Film Fund
/title/tt0115640/,10532,World Productions
/title/tt0105151/,251,Avenue Pictures
/title/tt0044081/,1317,Charles K. Feldman Group
/title/tt0063442/,12943,APJAC Productions
/title/tt2582802/,24049,Sierra/Affinity
/title/tt0071360/,14120,The Directors Company
/title/tt0031381/,1553,Selznick International Pictures
/title/tt1291584/,1632,Lionsgate
/title/tt0074958/,21,Metro-Goldwyn-Mayer
/title/tt0080520/,33,Universal Pictures
/title/tt0090605/,19747,Brandywine Productions
/title/tt0137523/,20555,Taurus Film
/title/tt0209144/,491,Summit Entertainment
/title/tt0078841/,136372,BSB
/title/tt1504320/,2452,UK Film Council
/title/tt0103130/,37909,True Fiction Pictures
/title/tt0190590/,694,StudioCanal
/title/tt1454029/,6735,Participant
/title/tt0125664/,216,Jersey Films
/title/tt3170832/,806,Téléfilm Canada
/title/tt0401383/,862,The Kennedy/Marshall Company
/title/tt0169858/,113750,SEGA
/title/tt1639426/,5571,UTV Spotboy Motion Pictures
/title/tt1639426/,11870,Anurag Kashyap Films
/title/tt0381061/,21,Metro-Goldwyn-Mayer
/title/tt0477348/,2092,Mike Zoss Productions
/title/tt8579674/,1522,Neal Street Productions
/title/tt0071129/,1650,Productions et Éditions Cinématographiques Françaises
/title/tt0058150/,7576,Eon Productions
/title/tt0118884/,174,Warner Bros. Pictures
/title/tt0758758/,41051,Into the Wild
/title/tt0181689/,44,Cruise/Wagner Productions
/title/tt0181689/,25,20th Century Fox
/title/tt0066026/,37667,Aspen Productions (I)
/title/tt0071230/,1296,Crossbow Productions
/title/tt1255953/,8147,Entertainment One
/title/tt1255953/,11578,Super Écran
/title/tt0154420/,155,Nimbus Film
/title/tt1220719/,3407,Shanghai Film Group
/title/tt0092593/,1583,RAI
/title/tt0253474/,266,Agencja Produkcji Filmowej
/title/tt0112682/,79437,Cofimage 4
/title/tt0112682/,12009,Elías Querejeta PC
/title/tt0102536/,187,"Victor Musical Industries, Inc."
/title/tt0361748/,59,A Band Apart
/title/tt0168629/,53669,What Else? B.V
/title/tt0111149/,1382,PolyGram Filmed Entertainment
/title/tt0114388/,932,Mirage Enterprises
/title/tt2948356/,2,Walt Disney Pictures
/title/tt0054997/,22820,Rossen Films
/title/tt0117571/,7405,Dimension Films
/title/tt0115956/,1301,Joseph M. Singer Entertainment
/title/tt0038355/,174,Warner Bros. Pictures
/title/tt0181875/,485,Vinyl Films
/title/tt0036775/,4,Paramount
/title/tt0078841/,60,United Artists
/title/tt0091203/,6179,Thorn EMI Screen Entertainment
/title/tt1139797/,2302,Svenska Filminstitutet
/title/tt0091480/,1583,RAI
/title/tt4857264/,11068,Nostromo Pictures
/title/tt0245712/,5084,Altavista Films
/title/tt0190332/,20290,United China Vision
/title/tt0190332/,10284,Edko Films
/title/tt1555149/,47044,Feijão Filmes
/title/tt2338151/,2320,UTV Motion Pictures
/title/tt0242519/,64343,A.G. Films
/title/tt0079470/,20076,HandMade Films
/title/tt0268126/,278,Propaganda Films
/title/tt0268126/,1274,Clinica Estetico
/title/tt0075686/,13954,Rollins-Joffe Productions
/title/tt8503618/,89394,RadicalMedia
/title/tt8503618/,122645,5000 Broadway Productions
/title/tt0395169/,2760,Miracle Pictures
/title/tt0070511/,60832,Corona-General
/title/tt3076658/,174,Warner Bros. Pictures
/title/tt0095953/,206,Star Partners II Ltd.
/title/tt0114787/,653,Komuna
/title/tt1187043/,44164,Vinod Chopra Films
/title/tt0082096/,1704,Bavaria Film
/title/tt0130827/,96,X Filme Creative Pool
/title/tt4016934/,49096,Yong Film
/title/tt1010048/,3573,Celador Films
/title/tt0112573/,4564,Icon Entertainment International
/title/tt0100150/,25,20th Century Fox
/title/tt0405094/,1251,ARD
/title/tt0374546/,140,Pandora Film
/title/tt0450259/,174,Warner Bros. Pictures
/title/tt0375679/,19528,ApolloProScreen Filmproduktion
/title/tt0405159/,16311,Albert S. Ruddy Productions
/title/tt0243133/,987,USA Films
/title/tt0068182/,9291,HR
/title/tt0110877/,8209,Blue Dahlia Productions
/title/tt0092593/,11256,Sofica Créations
/title/tt0101458/,6116,Argos Films
/title/tt0108394/,6274,MK2 Films
/title/tt2106476/,850,Eurimages
/title/tt0112682/,311,PROCIREP
/title/tt0276919/,94,ARTE France Cinéma
/title/tt0037558/,14377,J. Arthur Rank Organisation
/title/tt0037008/,25,20th Century Fox
/title/tt0401792/,10807,Troublemaker Studios
/title/tt0093822/,11273,Circle Films
/title/tt0117318/,4565,Filmhaus
/title/tt0117500/,915,Hollywood Pictures
/title/tt0796366/,158,Spyglass Entertainment
/title/tt0180093/,7503,Protozoa Pictures
/title/tt0052357/,4,Paramount
/title/tt0045152/,21,Metro-Goldwyn-Mayer
/title/tt0137523/,25,20th Century Fox
/title/tt1125849/,7504,Top Rope
/title/tt0120737/,11,WingNut Films
/title/tt5027774/,43,Fox Searchlight Pictures
/title/tt0138097/,348,Bedford Falls Productions
/title/tt0120735/,20076,HandMade Films
/title/tt1727824/,508,Regency Enterprises
/title/tt0125664/,761,Cinehaus
/title/tt0101700/,23677,Fondation GAN pour le Cinéma
/title/tt0268126/,10565,Good Machine
/title/tt0325710/,350,Radar Pictures
/title/tt0082096/,11344,Twin Bros. Productions
/title/tt0117631/,11840,Film Victoria
/title/tt0266697/,39121,Super Cool ManChu
/title/tt1950186/,22213,TSG Entertainment
/title/tt0181689/,56,Amblin Entertainment
/title/tt0290334/,25,20th Century Fox
/title/tt2543164/,32300,Lava Bear Films
/title/tt0056923/,33,Universal Pictures
/title/tt0112573/,11353,B.H. Finance C.V.
/title/tt0110912/,59,A Band Apart
/title/tt1255953/,806,Téléfilm Canada
/title/tt0084787/,185644,"Province of BC, Ministry of Tourism, Film Promotion Office"
/title/tt0118715/,37,Gramercy Pictures
/title/tt0101458/,45,Road Movies
/title/tt0093389/,469,Hemdale Film Corporation
/title/tt8267604/,137905,The Bridge Production
/title/tt0454876/,711,Fox 2000 Pictures
/title/tt0276919/,119,DR
/title/tt0276919/,30268,Pain Unlimited GmbH Filmproduktion
/title/tt0276919/,3389,TV 2
/title/tt0110889/,1382,PolyGram Filmed Entertainment
/title/tt0116629/,347,Centropolis Entertainment
/title/tt0319061/,2721,Jinks/Cohen Company
/title/tt0036868/,28205,Samuel Goldwyn Productions
/title/tt0113749/,33,Universal Pictures
/title/tt0340377/,922,SenArt Films
/title/tt0114924/,175,Caravan Pictures
/title/tt0139239/,191692,Saratoga Entertainment
/title/tt0116409/,458,Douglas/Reuther Productions
/title/tt0903624/,12,New Line Cinema
/title/tt0166896/,637,The Picture Factory
/title/tt1454468/,7470,Esperanto Filmoj
/title/tt3170832/,3353,Element Pictures
/title/tt0089881/,8886,Herald Ace
/title/tt0101640/,21331,Salon Films
/title/tt0069293/,77882,Creative Unit of Writers & Cinema Workers
/title/tt0013442/,145816,Jofa-Atelier Berlin-Johannisthal
/title/tt1639426/,6810,Sanjay Singh Films
/title/tt0264464/,367,Kemp Company
/title/tt0104257/,903,David Brown Productions
/title/tt2278388/,43,Fox Searchlight Pictures
/title/tt2278388/,23449,American Empirical Pictures
/title/tt0064665/,1324,Jerome Hellman Productions
/title/tt0053946/,60,United Artists
/title/tt0108399/,3322,August Entertainment
/title/tt3076658/,21,Metro-Goldwyn-Mayer
/title/tt0054047/,60,United Artists
/title/tt0086373/,21,Metro-Goldwyn-Mayer
/title/tt1028532/,66328,Opperman Viner Chrystyn Entertainment
/title/tt0140352/,8758,Kaitz Productions
/title/tt0120338/,4,Paramount
/title/tt0120815/,56,Amblin Entertainment
/title/tt0097576/,1,Lucasfilm Ltd.
/title/tt0112573/,7965,The Ladd Company
/title/tt0078788/,70,American Zoetrope
/title/tt0185125/,49,El Deseo
/title/tt1220719/,2269,China Film Co-Production Corporation
/title/tt0243133/,10565,Good Machine
/title/tt0101765/,7984,"Zespól Filmowy ""Tor"""
/title/tt0108394/,22587,CAB Productions
/title/tt0093389/,11561,Recorded Picture Company
/title/tt0253474/,264,Studio Babelsberg
/title/tt0253474/,355,R.P. Productions
/title/tt8267604/,137903,Cedrus Invest Bank
/title/tt0168629/,201,ARTE
/title/tt0168629/,11239,Liberator Productions
/title/tt0103873/,4063,Trimark Pictures
/title/tt0106308/,493,Introvision International
/title/tt0319061/,5,Columbia Pictures
/title/tt0246578/,5367,Gaylord Films
/title/tt2582802/,2266,Bold Films
/title/tt0119229/,915,Hollywood Pictures
/title/tt3748528/,1,Lucasfilm Ltd.
/title/tt2096673/,3,Pixar
/title/tt0056217/,4,Paramount
/title/tt0111161/,97,Castle Rock Entertainment
/title/tt0101921/,149949,Fried Green Tomatoes Productions
/title/tt0824747/,33,Universal Pictures
/title/tt0109445/,16934,View Askew Productions
/title/tt1895587/,10039,Anonymous Content
/title/tt1250777/,181992,Mandate International
/title/tt2024544/,508,Regency Enterprises
/title/tt10272386/,95182,Viewfinder
/title/tt0249462/,686,Tiger Aspect
/title/tt0099334/,25513,Sofinergie 1
/title/tt0062229/,176750,TC Productions
/title/tt0169858/,5822,Toei Company
/title/tt0140888/,395,Riofilm
/title/tt1655442/,1992,La Petite Reine
/title/tt4430212/,44223,Panorama Studios
/title/tt1675434/,7766,Chaocorp
/title/tt0067116/,73950,Schine-Moore Productions
/title/tt0381061/,209920,Casino Royale US LLC
/title/tt0090967/,3492,Island Pictures
/title/tt0113277/,508,Regency Enterprises
/title/tt0087884/,46,WDR
/title/tt0127536/,10163,Working Title Films
/title/tt0325710/,44,Cruise/Wagner Productions
/title/tt0871510/,11840,Film Victoria
/title/tt0113627/,25129,Lumière Pictures
/title/tt0097202/,6213,Golden Princess Film Production Limited
/title/tt0097202/,187963,Mandarin Film Lab Limited
/title/tt1302006/,23243,Sikelia Productions
/title/tt0078788/,210888,Coppola Cinema 7
/title/tt4633694/,84041,Pascal Pictures
/title/tt0110912/,14,Miramax
/title/tt0046268/,11788,Compagnie Industrielle et Commerciale Cinématographique (CICC)
/title/tt0298228/,140,Pandora Film
/title/tt0119116/,9,Gaumont
/title/tt3659388/,1645,Scott Free Productions
/title/tt0092593/,6274,MK2 Films
/title/tt0168629/,104,Canal+
/title/tt0111149/,359,Figment Films
/title/tt0120587/,7,DreamWorks Pictures
/title/tt0027977/,60,United Artists
/title/tt0117128/,1310,Best Brains
/title/tt0097441/,559,TriStar Pictures
/title/tt0114369/,12,New Line Cinema
/title/tt0106677/,11462,Alphaville Films
/title/tt0268978/,7,DreamWorks Pictures
/title/tt0081534/,33,Universal Pictures
/title/tt0097493/,1950,New World Pictures
/title/tt0060345/,8811,The Cat in the Hat Productions
/title/tt1125849/,856,Wild Bunch
/title/tt3783958/,53247,Impostor Pictures
/title/tt0120655/,1632,Lionsgate
/title/tt0107616/,3906,American Playhouse
/title/tt0765429/,7295,Relativity Media
/title/tt0120663/,194,Hobby Films
/title/tt0081505/,174,Warner Bros. Pictures
/title/tt0162346/,247,Granada Productions
/title/tt0162346/,137436,Advanced Medien
/title/tt0101700/,25023,Sofinergie 2
/title/tt0050783/,2260,Les Films Marceau
/title/tt0060196/,60,United Artists
/title/tt4857264/,10128,Think Studio
/title/tt0089881/,1598,Nippon Herald Films
/title/tt0079944/,344,Mosfilm
/title/tt1655442/,12391,Jouror Productions
/title/tt0108358/,915,Hollywood Pictures
/title/tt0059742/,6305,Argyle Enterprises
/title/tt1130884/,11317,Phoenix Pictures
/title/tt0032976/,1553,Selznick International Pictures
/title/tt0067116/,646,D'Antoni Productions
/title/tt0090967/,42043,Grokenberger Film Produktion
/title/tt0105488/,1380,Australian Film Finance Corporation
/title/tt0462322/,308,The Weinstein Company
/title/tt0358273/,6402,Mars Media Beteiligungs
/title/tt0083987/,502,International Film Investors
/title/tt0175880/,178,Ghoulardi Film Company
/title/tt8579674/,114732,New Republic Pictures
/title/tt0082096/,1256,PSO
/title/tt0364569/,7036,CJ Entertainment
/title/tt0848228/,420,Marvel Studios
/title/tt0043338/,4,Paramount
/title/tt2543164/,7493,FilmNation Entertainment
/title/tt1220719/,104524,Beijing ShengShi HuaRei Film Investment & Management Co.
/title/tt0084787/,662,Turman-Foster Company
/title/tt0468569/,923,Legendary Pictures
/title/tt0372784/,19231,Patalex III Productions Limited
/title/tt0091605/,4606,ZDF
/title/tt0120802/,79751,Sidecar Films & TV
/title/tt0335266/,10146,Focus Features
/title/tt0253474/,104,Canal+
/title/tt0369702/,10050,TVG
/title/tt0118843/,653,Komuna
/title/tt0168629/,94,ARTE France Cinéma
/title/tt0107653/,10100,Thin Man Films
/title/tt0117951/,359,Figment Films
/title/tt0117951/,6705,Film4 Productions
/title/tt0112302/,134923,Painted Fence Productions
/title/tt0073195/,33,Universal Pictures
/title/tt0047396/,10719,Patron Inc.
/title/tt0117665/,11407,Baltimore Pictures
/title/tt0061852/,3166,Walt Disney Productions
/title/tt0065988/,3070,Cinema Center Films
/title/tt0180093/,2188,Artisan Entertainment
/title/tt0139239/,38764,Banner Entertainment
/title/tt0090756/,484,DEG
/title/tt1345836/,9996,Syncopy
/title/tt1345836/,9993,DC Entertainment
/title/tt7286456/,174,Warner Bros. Pictures
/title/tt0166896/,2,Walt Disney Pictures
/title/tt0172495/,21906,Dawliz
/title/tt0816692/,9996,Syncopy
/title/tt0094947/,174,Warner Bros. Pictures
/title/tt0111495/,850,Eurimages
/title/tt0095765/,185850,Forum Picture
/title/tt3011894/,49,El Deseo
/title/tt0190332/,2269,China Film Co-Production Corporation
/title/tt7060344/,69278,Axess Film Factory
/title/tt0073707/,67524,Sippy Films
/title/tt0055031/,526,Roxlom Films
/title/tt0051201/,13479,Edward Small Productions
/title/tt0993846/,14654,EMJAG Productions
/title/tt2278388/,264,Studio Babelsberg
/title/tt0499549/,444,Dune Entertainment
/title/tt0101414/,171656,Walt Disney Feature Animation
/title/tt0044706/,893,Stanley Kramer Productions
/title/tt0116231/,75291,Geopoly
/title/tt0338564/,5552,Media Asia Films
/title/tt0095016/,25,20th Century Fox
/title/tt0086879/,1869,AMLF
/title/tt1979320/,23,Imagine Entertainment
/title/tt1856101/,101829,16:14 Entertainment
/title/tt0093389/,472,Soprofilms
/title/tt0369702/,981,TVE
/title/tt0440963/,862,The Kennedy/Marshall Company
/title/tt0168629/,5975,YLE
/title/tt0104361/,17700,NFTS
/title/tt0105151/,4665,Addis Wechsler Pictures
/title/tt0033870/,174,Warner Bros. Pictures
/title/tt0272338/,497,Revolution Studios
/title/tt0449059/,43,Fox Searchlight Pictures
/title/tt0449059/,188,Big Beach
/title/tt1392214/,174,Warner Bros. Pictures
/title/tt2096673/,2,Walt Disney Pictures
/title/tt1291584/,1001,Solaris Film
/title/tt0198781/,3,Pixar
/title/tt0109506/,4029,Entertainment Media Investment Corporation
/title/tt0080684/,1,Lucasfilm Ltd.
/title/tt0088258/,3566,Spinal Tap Prod.
/title/tt0029947/,6,RKO Radio Pictures
/title/tt0033467/,6,RKO Radio Pictures
/title/tt0114558/,574,Lightstorm Entertainment
/title/tt0048545/,174,Warner Bros. Pictures
/title/tt1205489/,10138,Double Nickel Entertainment
/title/tt3783958/,72441,TIK Films
/title/tt0434409/,429,DC Comics
/title/tt1454029/,191328,Image Nation Abu Dhabi
/title/tt0060196/,7508,PEA
/title/tt4857264/,55260,Colosé Producciones
/title/tt6148156/,11835,Y NOT Studios
/title/tt0264464/,368,Splendid Pictures
/title/tt2278388/,9350,Indian Paintbrush
/title/tt0783233/,7295,Relativity Media
/title/tt0087884/,6705,Film4 Productions
/title/tt0048021/,18844,Indusfilms
/title/tt0082432/,8815,R & R Films
/title/tt0290334/,431,The Donners' Company
/title/tt0088794/,124448,CBS Entertainment Productions
/title/tt0100150/,11273,Circle Films
/title/tt4633694/,2251,Sony Pictures Animation
/title/tt0108052/,56,Amblin Entertainment
/title/tt0185125/,104,Canal+
/title/tt0073341/,624,Persky-Bright Productions
/title/tt0101458/,36229,Wim Wenders Stiftung
/title/tt2119532/,455,Permut Presentations
/title/tt0110005/,14,Miramax
/title/tt0057129/,6305,Argyle Enterprises
/title/tt0119164/,181,Channel Four Films
/title/tt0039689/,6,RKO Radio Pictures
/title/tt0109506/,4030,Jeff Most Productions
/title/tt0120363/,3,Pixar
/title/tt0092991/,10308,Dino De Laurentiis Company
/title/tt0381849/,84,Tree Line Films
/title/tt0059026/,52263,United Feature Syndicate (UFS)
/title/tt0103130/,721,Zenith Entertainment
/title/tt1727824/,10104,New Regency Pictures
/title/tt0057012/,88,Hawk Films
/title/tt0111495/,591,France 3 Cinéma
/title/tt0045274/,20994,Amato Film
/title/tt1305806/,981,TVE
/title/tt0169858/,21504,Star Child Recording
/title/tt1069238/,192,Shochiku
/title/tt0347149/,1780,TFC
/title/tt0347149/,1779,Tokuma Shoten
/title/tt5311514/,3756,CoMix Wave Films
/title/tt0374887/,3781,Vidhu Vinod Chopra Productions
/title/tt0060665/,5,Columbia Pictures
/title/tt0046911/,141,Véra Films
/title/tt0382932/,3,Pixar
/title/tt0042192/,25,20th Century Fox
/title/tt0046250/,4,Paramount
/title/tt6966692/,181849,Innisfree Pictures
/title/tt0169102/,10822,Jhamu Sughand Productions
/title/tt0109759/,12800,Ego Film Arts
/title/tt0978762/,3908,Melodrama Pictures
/title/tt0104684/,6213,Golden Princess Film Production Limited
/title/tt0353969/,7036,CJ Entertainment
/title/tt0378194/,59,A Band Apart
/title/tt1022603/,6332,Dune Entertainment III
/title/tt0243133/,10163,Working Title Films
/title/tt0468569/,9996,Syncopy
/title/tt0091605/,47,Constantin Film
/title/tt0118694/,539,Block 2 Pictures
/title/tt0440963/,33,Universal Pictures
/title/tt2119532/,13241,Demarest Films
/title/tt0102536/,140,Pandora Film
/title/tt0168629/,6705,Film4 Productions
/title/tt0276919/,10946,WDR/Arte
/title/tt0116629/,25,20th Century Fox
/title/tt1013753/,4205,Groundswell Productions
/title/tt0352248/,14,Miramax
/title/tt0325980/,130,Jerry Bruckheimer Films
/title/tt0032551/,25,20th Century Fox
/title/tt0070510/,2153,Saticoy Productions
/title/tt0115956/,25,20th Century Fox
/title/tt0094006/,477,Hughes Entertainment
/title/tt0117887/,38944,Clavius Base
/title/tt1659337/,2130,Mr. Mudd Production
/title/tt0052357/,10715,Alfred J. Hitchcock Productions
/title/tt0118842/,14,Miramax
/title/tt1285016/,7295,Relativity Media
/title/tt0115751/,118,Det Danske Filminstitut
/title/tt0097937/,1468,Ferndale Films
/title/tt0092106/,3313,Sunbow Productions
/title/tt7286456/,79,Village Roadshow Pictures
/title/tt0119349/,10565,Good Machine
/title/tt0138097/,14,Miramax
/title/tt0206634/,33,Universal Pictures
/title/tt0970179/,4,Paramount
/title/tt0120630/,7,DreamWorks Pictures
/title/tt1139797/,3555,Chimney Sweden
/title/tt0106332/,708,Beijing Film Studio
/title/tt0015324/,16101,Metro Pictures Corporation
/title/tt0108358/,1504,Cinergi Pictures Entertainment
/title/tt1675434/,7038,Quad Productions
/title/tt0395169/,1205,Endgame Entertainment
/title/tt3315342/,91797,Hutch Parker Entertainment
/title/tt6155172/,112612,Esperanto Filmoj
/title/tt0099810/,2767,Mace Neufeld Productions
/title/tt0118849/,11459,Kanoon
/title/tt1821480/,6808,Viacom18 Studios
/title/tt0056172/,11356,Horizon Pictures
/title/tt0070047/,174,Warner Bros. Pictures
/title/tt0020629/,33,Universal Pictures
/title/tt0075860/,5,Columbia Pictures
/title/tt0071315/,10208,Long Road Productions
/title/tt1255953/,58,Sony Pictures Classics
/title/tt0375679/,1632,Lionsgate
/title/tt0468569/,174,Warner Bros. Pictures
/title/tt0118715/,10163,Working Title Films
/title/tt1832382/,5162,Memento Films Production
/title/tt2758880/,5162,Memento Films Production
/title/tt0112682/,7237,Tele München Fernseh Produktionsgesellschaft (TMG)
/title/tt0049406/,60,United Artists
/title/tt0110357/,171656,Walt Disney Feature Animation
/title/tt0050083/,60,United Artists
/title/tt0158983/,1538,Comedy Central
/title/tt0116409/,457,Constellation Films
/title/tt0109045/,8725,Latent Image Productions Pty. Ltd.
/title/tt3783958/,33681,Black Label Media
/title/tt0167261/,12,New Line Cinema
/title/tt0166896/,104,Canal+
/title/tt0482571/,9996,Syncopy
/title/tt0308644/,1811,FilmColony
/title/tt0365748/,10163,Working Title Films
/title/tt10272386/,141391,CAA Media Finance
/title/tt0150662/,2801,Film i Väst
/title/tt1139797/,5403,Nordisk Film & TV Fond
/title/tt0245712/,110056,Zeta Film (MX)
/title/tt1069238/,3363,MBS
/title/tt0264464/,11084,Parkes/MacDonald Productions
/title/tt2278388/,258,Scott Rudin Productions
/title/tt0498380/,56,Amblin Entertainment
/title/tt8579674/,7294,Reliance Entertainment
/title/tt0100263/,371,Cecchi Gori Group Tiger Cinematografica
/title/tt6966692/,6735,Participant
/title/tt0048473/,1984,Government of West Bengal
/title/tt0140352/,675,Forward Pass
/title/tt0140352/,158,Spyglass Entertainment
/title/tt1950186/,25,20th Century Fox
/title/tt0054698/,4,Paramount
/title/tt0095016/,1073,Gordon Company
/title/tt0095016/,1885,Silver Pictures
/title/tt0071315/,94856,Robert Evans Company
/title/tt0050825/,611,Bryna Productions
/title/tt0046268/,141,Véra Films
/title/tt0058946/,10207,Casbah Film
/title/tt1220719/,4054,Mandarin Films
/title/tt0450259/,7380,Initial Entertainment Group
/title/tt0450259/,76466,Liberty Pictures
/title/tt0407887/,174,Warner Bros. Pictures
/title/tt0072684/,88,Hawk Films
/title/tt1024648/,174,Warner Bros. Pictures
/title/tt2106476/,2302,Svenska Filminstitutet
/title/tt0440963/,682,Peninsula Films
/title/tt0112682/,851,MEDIA Programme of the European Union
/title/tt0056801/,10882,Francinex
/title/tt0361748/,6817,Zehnte Babelsberg Film
/title/tt0276919/,76,Zentropa Entertainments
/title/tt0097499/,798,Samuel Goldwyn Company
/title/tt0117913/,508,Regency Enterprises
/title/tt0117666/,1596,Shooting Gallery
/title/tt0103639/,171656,Walt Disney Feature Animation
/title/tt0088763/,33,Universal Pictures
/title/tt0088763/,56,Amblin Entertainment
/title/tt0040724/,1317,Charles K. Feldman Group
/title/tt0780504/,46625,Newbridge Film Capital
/title/tt0133093/,79,Village Roadshow Pictures
/title/tt0333766/,11729,Large's Ark Productions
/title/tt0126029/,520,Pacific Data Images
/title/tt0112950/,174,Warner Bros. Pictures
/title/tt1285016/,11370,Michael De Luca Productions
/title/tt0085334/,10757,Christmas Tree Films
/title/tt0172495/,21904,Mill Film
/title/tt0408236/,174,Warner Bros. Pictures
/title/tt0066921/,174,Warner Bros. Pictures
/title/tt0365748/,134,Rogue Pictures
/title/tt0190590/,9195,Touchstone Pictures
/title/tt0101700/,582,Hachette Première
/title/tt0101700/,14755,Sofinergie Films
/title/tt0095765/,1583,RAI
/title/tt0059578/,47,Constantin Film
/title/tt0245574/,1101,Bésame Mucho Pictures
/title/tt0094625/,104680,Studio Fuga
/title/tt0055630/,882,TOHO
/title/tt0096283/,12516,Nibariki
/title/tt0057565/,2680,Kurosawa Production
/title/tt0190332/,5528,Ang Lee Productions
/title/tt0072431/,1296,Crossbow Productions
/title/tt0395169/,60,United Artists
/title/tt0395169/,11912,Mikado Film
/title/tt0091867/,500,Goldcrest
/title/tt0477348/,838,Paramount Vantage
/title/tt0120689/,33,Universal Pictures
/title/tt0095953/,4357,The Guber-Peters Company
/title/tt0462322/,15764,Rodriguez International Pictures
/title/tt1853728/,5,Columbia Pictures
/title/tt6966692/,88582,Cinetic Media
/title/tt0405508/,2320,UTV Motion Pictures
/title/tt0118799/,14,Miramax
/title/tt0120188/,507,Atlas Entertainment
/title/tt1220719/,13497,Prosperity Pictures
/title/tt0374546/,11555,Cinesoul
/title/tt0405159/,174,Warner Bros. Pictures
/title/tt0093058/,385,Stanley Kubrick Productions
/title/tt0101765/,104,Canal+
/title/tt0111507/,1610,CED Productions
/title/tt0118694/,148854,Orly Films
/title/tt2106476/,118,Det Danske Filminstitut
/title/tt0253474/,250,Canal+ Polska
/title/tt8267604/,547,Open City Films
/title/tt0203230/,691,Cappa Productions
/title/tt0048424/,14231,Paul Gregory Productions
/title/tt0117318/,5,Columbia Pictures
/title/tt0071360/,536,The Coppola Company
/title/tt0094006/,4,Paramount
/title/tt0053291/,60,United Artists
/title/tt0046912/,174,Warner Bros. Pictures
/title/tt0079522/,60,United Artists
/title/tt0092991/,106908,Rosebud Releasing Corporation
/title/tt0043014/,4,Paramount
/title/tt1345836/,923,Legendary Pictures
/title/tt0085334/,21,Metro-Goldwyn-Mayer
/title/tt0482571/,174,Warner Bros. Pictures
/title/tt0107616/,798,Samuel Goldwyn Company
/title/tt0780536/,6705,Film4 Productions
/title/tt10272386/,10611,Ciné+
/title/tt10272386/,180147,Les Films du Cru
/title/tt0249462/,288,BBC Film
/title/tt0120630/,297,Aardman
/title/tt1392190/,2537,Kennedy Miller Productions
/title/tt1454029/,7294,Reliance Entertainment
/title/tt0101700/,25024,Investimage 2
/title/tt0101700/,7248,Union Générale Cinématographique (UGC)
/title/tt0062229/,42182,Filmel
/title/tt0045274/,1131,Rizzoli Film
/title/tt5311514/,882,TOHO
/title/tt0018455/,5488,Fox Film Corporation
/title/tt1655442/,50630,La Classe américaine
/title/tt2338151/,44163,Rajkumar Hirani Films
/title/tt1675434/,104,Canal+
/title/tt0101414/,2,Walt Disney Pictures
/title/tt0127536/,181,Channel Four Films
/title/tt0181865/,58333,Compulsion Inc.
/title/tt0082269/,1657,Greenwich Film Production
/title/tt0091288/,1524,DD Productions
/title/tt8613070/,7980,Hold Up Films
/title/tt0113326/,2521,Orange Sky Golden Harvest
/title/tt0097202/,3618,Film Workshop
/title/tt0041959/,659,London Films Productions
/title/tt4154756/,420,Marvel Studios
/title/tt0243133/,2092,Mike Zoss Productions
/title/tt0050212/,11356,Horizon Pictures
/title/tt1832382/,84797,Asghar Farhadi Productions
/title/tt0118694/,255,Paradis Films
/title/tt0102536/,182,JVC
/title/tt0110889/,288,BBC Film
/title/tt0106308/,33,Universal Pictures
/title/tt0117666/,14,Miramax
/title/tt0116695/,485,Vinyl Films
/title/tt0109707/,9195,Touchstone Pictures
/title/tt0083866/,56,Amblin Entertainment
/title/tt0115956/,711,Fox 2000 Pictures
/title/tt0086979/,13950,Foxton Entertainment
/title/tt0796366/,11461,Bad Robot
/title/tt0056218/,60,United Artists
/title/tt0120176/,65515,Jasmine Productions Inc.
/title/tt0119822/,559,TriStar Pictures
/title/tt0064116/,25287,San Marco
/title/tt1895587/,75807,First Look Media
/title/tt0482571/,28,Newmarket Films
/title/tt0408236/,8601,Tim Burton Productions
/title/tt0230600/,44,Cruise/Wagner Productions
/title/tt0117509/,25,20th Century Fox
/title/tt0365748/,10462,WT2 Productions
/title/tt0365748/,33,Universal Pictures
/title/tt0092067/,12516,Nibariki
/title/tt0119698/,12516,Nibariki
/title/tt0190332/,20289,Asia Union Film & Entertainment Ltd.
/title/tt0317248/,856,Wild Bunch
/title/tt0085809/,16644,IRE Productions
/title/tt5074352/,2320,UTV Motion Pictures
/title/tt0108101/,5553,Shadowlands Productions
/title/tt1675434/,22123,TF1
/title/tt0395169/,19834,Inside Track Films
/title/tt0113277/,4700,The Linson Company
/title/tt0435761/,2,Walt Disney Pictures
/title/tt0069704/,33,Universal Pictures
/title/tt0499549/,25,20th Century Fox
/title/tt0105488/,2081,Beyond Films
/title/tt0114787/,6242,Barrandov Studio
/title/tt0116231/,75290,ArtCam
/title/tt0082096/,5,Columbia Pictures
/title/tt0110367/,5,Columbia Pictures
/title/tt0119008/,11317,Phoenix Pictures
/title/tt0468569/,429,DC Comics
/title/tt0468569/,118865,Isobel Griffiths
/title/tt0073341/,625,Devon
/title/tt0092593/,11253,N.E.F. Filmproduktion und Vertriebs (I)
/title/tt0108394/,1610,CED Productions
/title/tt0120802/,164,Rhombus Media
/title/tt8267604/,103361,Mooz Films
/title/tt0102536/,8,Fine Line Features
/title/tt0361748/,308,The Weinstein Company
/title/tt0117951/,358,Noel Gay Motion Picture Company
/title/tt0061722/,494,AVCO Embassy Pictures
/title/tt0315733/,10887,Y Productions
/title/tt0067185/,4,Paramount
/title/tt0139239/,5,Columbia Pictures
/title/tt0117802/,8824,The Alfred Shay Company Inc.
/title/tt0101921/,56485,Act III Productions
/title/tt0257044/,25,20th Century Fox
/title/tt1285016/,7626,Trigger Street Productions
/title/tt0077402/,83715,Dawn Associates
/title/tt0091203/,107461,Highlander Productions Limited
/title/tt0114478/,75055,Eurospace
/title/tt0190590/,10163,Working Title Films
/title/tt0434409/,450,Anarchos Productions
/title/tt1139797/,11731,Bavaria Film International
/title/tt1139797/,10913,Fido Film AB
/title/tt5323662/,86839,ABC Animation
/title/tt0015648/,344,Mosfilm
/title/tt0268126/,267,Beverly Detroit
/title/tt0063462/,419,Embassy Pictures Corporation
/title/tt0043456/,25,20th Century Fox
/title/tt8503618/,150839,Nevis Productions
/title/tt0395169/,7495,Sixth Sense Productions
/title/tt0091867/,11493,National Film Finance Corporation (NFFC)
/title/tt0107290/,33,Universal Pictures
/title/tt0103064/,275,Carolco Pictures
/title/tt0088247/,3952,Hemdale Film
/title/tt0087884/,6116,Argos Films
/title/tt0498380/,7,DreamWorks Pictures
/title/tt0110729/,293,Avalon Studios
/title/tt0075860/,538,EMI Films
/title/tt1877832/,431,The Donners' Company
/title/tt0120802/,806,Téléfilm Canada
/title/tt2106476/,851,MEDIA Programme of the European Union
/title/tt0253474/,2026,FFA
/title/tt0369702/,12012,Eyescreen S.r.l.
/title/tt0361748/,6818,Visiona Romantica
/title/tt0276919/,53873,Something Else B.V.
/title/tt0120255/,12800,Ego Film Arts
/title/tt0026029/,4978,Gaumont-British Picture Corporation
/title/tt2582802/,3172,Blumhouse Productions
/title/tt0117665/,174,Warner Bros. Pictures
/title/tt0065988/,5603,Stockbridge-Hiller Productions
/title/tt0126029/,521,DreamWorks Animation
/title/tt0024216/,6,RKO Radio Pictures
/title/tt0046816/,5,Columbia Pictures
/title/tt0115751/,123,Trust Film
/title/tt0097937/,1923,RTÉ
/title/tt1895587/,42421,Rocklin / Faust
/title/tt7286456/,13240,Bron Studios
/title/tt1125849/,831,Saturn Films
/title/tt0112431/,33,Universal Pictures
/title/tt0099348/,1755,Allied Filmmakers
/title/tt1504320/,5005,Bedlam Productions
/title/tt1250777/,81,Plan B Entertainment
/title/tt0190590/,171134,Blind Bard Pictures
/title/tt0125664/,33,Universal Pictures
/title/tt0125664/,657,TOHO-TOWA
/title/tt0060196/,42498,Arturo González Producciones Cinematográficas
/title/tt3011894/,11652,Warner Bros. Entertainment España
/title/tt0287467/,357,Vía Digital
/title/tt0347149/,11847,Mitsubishi
/title/tt1555149/,2427,Zazen Produções
/title/tt0059742/,25,20th Century Fox
/title/tt3315342/,25,20th Century Fox
/title/tt0113277/,10104,New Regency Pictures
/title/tt0116905/,11948,Rio Dulce
/title/tt0181865/,58334,Splendid Medien AG
/title/tt1028532/,66327,Hachiko
/title/tt0095159/,11352,Prominent Features
/title/tt0120338/,574,Lightstorm Entertainment
/title/tt0167404/,915,Hollywood Pictures
/title/tt1255953/,808,The Movie Network
/title/tt0084787/,33,Universal Pictures
/title/tt0091763/,469,Hemdale Film Corporation
/title/tt0077416/,33,Universal Pictures
/title/tt0120684/,35,Lions Gate Films
/title/tt1375666/,923,Legendary Pictures
/title/tt0083922/,7447,Personafilm
/title/tt0108394/,310,CNC
/title/tt1856101/,79529,Torridon Films
/title/tt0369702/,11955,Sogepaq
/title/tt0118843/,140,Pandora Film
/title/tt0112682/,310,CNC
/title/tt0053779/,161843,Riama Film
/title/tt0361748/,682,Peninsula Films
/title/tt0107653/,181,Channel Four Films
/title/tt2084970/,22146,Black Bear Pictures
/title/tt0117128/,37,Gramercy Pictures
/title/tt0272338/,178,Ghoulardi Film Company
/title/tt0061418/,4051,Warner Bros-Seven Arts
/title/tt0266543/,3,Pixar
/title/tt0056217/,10698,John Ford Productions
/title/tt2267998/,15829,Pacific Standard
/title/tt0047296/,5,Columbia Pictures
/title/tt0098635/,365,Nelson Entertainment
/title/tt0469494/,178,Ghoulardi Film Company
/title/tt0053604/,60,United Artists
/title/tt1205489/,27351,Matten Productions
/title/tt1205489/,27352,WV Films IV
/title/tt1170358/,174,Warner Bros. Pictures
/title/tt1504320/,7309,Aegis Film Fund
/title/tt5027774/,6705,Film4 Productions
/title/tt0113247/,16366,La Sept Cinéma
/title/tt0101700/,25020,Victoires Productions
/title/tt0040522/,1875,Produzioni De Sica
/title/tt0094625/,882,TOHO
/title/tt1069238/,9149,Shogakukan
/title/tt0347149/,6755,Nippon Television Network Corporation
/title/tt5311514/,14602,AMUSE
/title/tt0017136/,12372,UFA
/title/tt3076658/,12252,Chartoff-Winkler Productions
/title/tt0075314/,46059,Italo/Judeo Productions
/title/tt0126886/,2570,Bona Fide Productions
/title/tt0088247/,4764,Cinema 84
/title/tt0086197/,7965,The Ladd Company
/title/tt0147612/,1422,Killer Films
/title/tt10280296/,19144,Rising Sun Films
/title/tt0071129/,10931,F.C. Produzioni
/title/tt0028950/,1234,Réalisation d'Art Cinématographique
/title/tt0378194/,39121,Super Cool ManChu
/title/tt0378194/,14,Miramax
/title/tt1950186/,7076,Chernin Entertainment
/title/tt0078788/,60,United Artists
/title/tt0093191/,36229,Wim Wenders Stiftung
/title/tt0298228/,16850,ApolloMedia
/title/tt0375063/,12157,Sideways Productions Inc.
/title/tt0298845/,55423,East of Harlem (UK) Ltd
/title/tt0101765/,63751,Sidéral Productions
/title/tt0112682/,591,France 3 Cinéma
/title/tt0168629/,53667,Trust Film Svenska
/title/tt0121766/,1,Lucasfilm Ltd.
/title/tt0120324/,11308,Savoy Pictures
/title/tt0171804/,54,The Independent Film Channel Productions
/title/tt0051036/,613,Hecht-Hill-Lancaster Productions
/title/tt2488496/,11461,Bad Robot
/title/tt0780504/,3263,OddLot Entertainment
/title/tt0031679/,5,Columbia Pictures
/title/tt1392214/,1088,Alcon Entertainment
/title/tt0106677/,37,Gramercy Pictures
/title/tt0109506/,6455,Pressman Film
/title/tt0327056/,174,Warner Bros. Pictures
/title/tt0381849/,7295,Relativity Media
/title/tt0109045/,1381,Specific Films
/title/tt0408236/,7,DreamWorks Pictures
/title/tt0116282/,1382,PolyGram Filmed Entertainment
/title/tt0116477/,6189,Turner Pictures (I)
/title/tt0425112/,10163,Working Title Films
/title/tt1305806/,9335,Canal+ España
/title/tt0457430/,7470,Esperanto Filmoj
/title/tt0056443/,882,TOHO
/title/tt0017925/,13913,Joseph M. Schenck Productions
/title/tt0079470/,416,Python (Monty) Pictures Limited
/title/tt0113277/,174,Warner Bros. Pictures
/title/tt2380307/,2,Walt Disney Pictures
/title/tt0317705/,3,Pixar
/title/tt0317705/,2,Walt Disney Pictures
/title/tt1065073/,26468,IFC Productions
/title/tt1028532/,7419,Scion Films
/title/tt0091288/,875,Films A2
/title/tt0082096/,210,Süddeutscher Rundfunk
/title/tt6751668/,4399,Barunson E&A
/title/tt0040725/,14377,J. Arthur Rank Organisation
/title/tt0068327/,634,ABC Pictures
/title/tt1255953/,7029,micro_scope
/title/tt1255953/,199407,Seville International
/title/tt0077711/,26239,Suede Film
/title/tt0077711/,7447,Personafilm
/title/tt0093191/,45,Road Movies
/title/tt0405094/,337,Creado Film
/title/tt0374546/,11554,Korea Pictures
/title/tt1375666/,174,Warner Bros. Pictures
/title/tt0110877/,371,Cecchi Gori Group Tiger Cinematografica
/title/tt0091605/,45693,Cristaldifilm
/title/tt0101458/,13675,Village Roadshow Entertainment
/title/tt0118694/,1615,Fortissimo Films
/title/tt0083658/,5798,Shaw Brothers
/title/tt2106476/,76,Zentropa Entertainments
/title/tt0074896/,29110,Filmco International Productions
/title/tt0110005/,294,New Zealand Film Commission
/title/tt0111149/,6705,Film4 Productions
/title/tt0203230/,68304,Crush Entertainment
/title/tt0319061/,80,The Zanuck Company
/title/tt0038787/,6,RKO Radio Pictures
/title/tt0048424/,60,United Artists
/title/tt0114011/,12,New Line Cinema
/title/tt0098258/,18,Gracie Films
/title/tt0021884/,33,Universal Pictures
/title/tt2948372/,3,Pixar
/title/tt0102926/,55072,Strong Heart/Demme Production
/title/tt0181875/,5,Columbia Pictures
/title/tt0112950/,676,Monarchy Enterprises B.V.
/title/tt0081534/,1177,Rastar Productions
/title/tt0257044/,7,DreamWorks Pictures
/title/tt0158983/,174,Warner Bros. Pictures
/title/tt0108550/,4,Paramount
/title/tt0107207/,2307,Hell's Kitchen Films
/title/tt0903624/,174,Warner Bros. Pictures
/title/tt0166896/,373,Asymmetrical Productions
/title/tt0172495/,21905,C & L
/title/tt5027774/,2376,Blueprint Pictures
/title/tt0816692/,923,Legendary Pictures
/title/tt0120735/,1382,PolyGram Filmed Entertainment
/title/tt0780536/,2376,Blueprint Pictures
/title/tt1454468/,174,Warner Bros. Pictures
/title/tt1392190/,174,Warner Bros. Pictures
/title/tt1392190/,79,Village Roadshow Pictures
/title/tt0434409/,449,Virtual Studios
/title/tt0060196/,47,Constantin Film
/title/tt0059742/,6304,Robert Wise Productions
/title/tt0783233/,33,Universal Pictures
/title/tt0064665/,1323,Florin Productions
/title/tt0095953/,60,United Artists
/title/tt0105488/,418,New South Wales Film & Television Office
/title/tt0166924/,373,Asymmetrical Productions
/title/tt5013056/,694,StudioCanal
/title/tt0048021/,222,Société Nationale Pathé Cinéma
/title/tt0097202/,105748,Salon Films Thailand Co. Ltd.
/title/tt0070047/,48184,Hoya Productions
/title/tt10872600/,5,Columbia Pictures
/title/tt2543164/,2575,21 Laps Entertainment
/title/tt0119174/,1382,PolyGram Filmed Entertainment
/title/tt0119116/,5892,Buena Vista International
/title/tt0146882/,17422,Dogstar Films
/title/tt0146882/,12886,New Crime Productions
/title/tt0116209/,14,Miramax
/title/tt0363163/,1583,RAI
/title/tt2758880/,27100,Zeynofilm
/title/tt0276919/,2801,Film i Väst
/title/tt0120780/,216,Jersey Films
/title/tt0120324/,7237,Tele München Fernseh Produktionsgesellschaft (TMG)
/title/tt0120789/,1163,Larger Than Life Productions
/title/tt0120789/,4286,Juno Pix
/title/tt0049406/,52795,Harris-Kubrick Productions
/title/tt2582802/,32157,Right of Way Films
/title/tt0421715/,862,The Kennedy/Marshall Company
/title/tt0092005/,56485,Act III Productions
/title/tt0038650/,11770,Liberty Films
/title/tt0112384/,33,Universal Pictures
/title/tt0040897/,174,Warner Bros. Pictures
/title/tt0333766/,215,Double Feature Films
/title/tt0092991/,467,Renaissance Pictures
/title/tt0209144/,506,Newmarket Capital Group
/title/tt0092106/,5542,Toei Animation
/title/tt0116409/,58079,Mont Blanc Entertainment GmbH
/title/tt1205489/,975,Gerber Pictures
/title/tt0084503/,8834,Tin Blue
/title/tt0120655/,16934,View Askew Productions
/title/tt0100519/,3593,Brandenberg
/title/tt0249462/,718,Arts Council of England
/title/tt1454029/,7,DreamWorks Pictures
/title/tt3011894/,8046,Telefe
/title/tt0287467/,58,Sony Pictures Classics
/title/tt0094625/,5805,Studio Aoi
/title/tt0050613/,882,TOHO
/title/tt0169858/,3041,GAINAX
/title/tt0019254/,1237,Société générale des films
/title/tt0053221/,73577,Armada Productions
/title/tt1675434/,6301,CinéCinéma
/title/tt0114746/,17031,Classico
/title/tt0032976/,60,United Artists
/title/tt0993846/,562,Appian Way
/title/tt0070511/,599,Solar Productions
/title/tt0119654/,49325,Parkes+MacDonald Image Nation
/title/tt6155172/,6735,Participant
/title/tt0087884/,1448,Pro-ject Filmproduktion
/title/tt0120689/,174,Warner Bros. Pictures
/title/tt0074119/,316,Wildwood Enterprises
/title/tt0181865/,348,Bedford Falls Productions
/title/tt0871510/,1569,Yash Raj Films
/title/tt10280296/,102174,Kino Works
/title/tt0118799/,371,Cecchi Gori Group Tiger Cinematografica
/title/tt0104684/,77,Milestone Productions
/title/tt0091251/,344,Mosfilm
/title/tt0085859/,500,Goldcrest
/title/tt0120815/,4,Paramount
/title/tt0082971/,1,Lucasfilm Ltd.
/title/tt0375063/,1187,Michael London Productions
/title/tt0405159/,126,Lakeshore Entertainment
/title/tt0077416/,538,EMI Films
/title/tt0083922/,2999,SVT
/title/tt0112817/,14,Miramax
/title/tt2119532/,7437,IM Global
/title/tt0105151/,8,Fine Line Features
/title/tt0401792/,7405,Dimension Films
/title/tt0025878/,21,Metro-Goldwyn-Mayer
/title/tt0103639/,2,Walt Disney Pictures
/title/tt0117318/,20034,Illusion Entertainment
/title/tt0117318/,51627,Janet Yang Productions
/title/tt0421715/,4,Paramount
/title/tt0113749/,11462,Alphaville Films
/title/tt0081398/,210967,Chartoff-Winkler Productions
/title/tt0094226/,4,Paramount
/title/tt0137523/,711,Fox 2000 Pictures
/title/tt0108122/,272,Spelling Entertainment
/title/tt0059026/,16341,Bill Melendez Productions
/title/tt0120737/,12,New Line Cinema
/title/tt1504320/,19579,Molinare Investment
/title/tt0112818/,406,Havoc
/title/tt2024544/,81,Plan B Entertainment
/title/tt0114478/,14,Miramax
/title/tt0117509/,240,Bazmark Films
/title/tt0125664/,67472,Tele München Group (TMG)
/title/tt1139797/,104,Canal+
/title/tt3011894/,21914,K & S Films
/title/tt0190332/,58,Sony Pictures Classics
/title/tt0317248/,209986,Lei do Audiovisual Ministério da Cultura Audiovisual
/title/tt0017925/,12190,Buster Keaton Productions
/title/tt1954470/,64666,Jar Pictures
/title/tt0115736/,506,Newmarket Capital Group
/title/tt0120689/,3982,Darkwoods Productions
/title/tt0498380/,171,Malpaso Productions
/title/tt0208092/,13419,SKA Films
/title/tt5013056/,98660,Dombey Street Productions
/title/tt0100263/,9,Gaumont
/title/tt0085859/,6705,Film4 Productions
/title/tt0450259/,430,Lonely Film Productions GmbH & Co. KG.
/title/tt1979320/,10163,Working Title Films
/title/tt0363163/,2278,EOS Entertainment
/title/tt0112817/,506,Newmarket Capital Group
/title/tt0253474/,260,Heritage Films
/title/tt2119532/,491,Summit Entertainment
/title/tt0112682/,850,Eurimages
/title/tt0168629/,8,Fine Line Features
/title/tt0168629/,76,Zentropa Entertainments
/title/tt0168629/,53670,Filmek A/S
/title/tt0092610/,11,WingNut Films
/title/tt0113862/,10201,Interscope Communications
/title/tt0113862/,916,The Charlie Mopic Company
/title/tt0097441/,27349,Freddie Fields Productions
/title/tt0129387/,25,20th Century Fox
/title/tt0106677/,98,Detour Film Production
/title/tt0117887/,1274,Clinica Estetico
/title/tt0049833/,4,Paramount
/title/tt0126029/,7,DreamWorks Pictures
/title/tt0053604/,219,The Mirisch Company
/title/tt0137523/,4700,The Linson Company
/title/tt0112950/,10104,New Regency Pictures
/title/tt0108122/,8,Fine Line Features
/title/tt0097937/,14063,Granada Television
/title/tt0100436/,2488,SC Entertainment
/title/tt0112641/,33,Universal Pictures
/title/tt0167260/,5237,The Saul Zaentz Company
/title/tt0482571/,9195,Touchstone Pictures
/title/tt0073629/,25,20th Century Fox
/title/tt0970179/,181992,Mandate International
/title/tt10272386/,58,Sony Pictures Classics
/title/tt0111495/,104,Canal+
/title/tt0045274/,1875,Produzioni De Sica
/title/tt0047478/,882,TOHO
/title/tt0119698/,10342,Studio Ghibli
/title/tt5311514/,2073,KADOKAWA
/title/tt2338151/,44164,Vinod Chopra Films
/title/tt0783233/,694,StudioCanal
/title/tt8579674/,121685,Amblin Partners
/title/tt4729430/,29566,Atresmedia
/title/tt3417422/,16401,Aashirvad Cinemas
/title/tt0405094/,106,Buena Vista International (Germany) GmbH
/title/tt0298845/,55424,Irish Film Industry
/title/tt0043265/,262,Independent Film Distributors
/title/tt0116209/,12204,Tiger Moth Productions
/title/tt0092593/,754,Stella Films
/title/tt0363163/,46,WDR
/title/tt0363163/,47,Constantin Film
/title/tt1856101/,5,Columbia Pictures
/title/tt2106476/,2801,Film i Väst
/title/tt0369702/,104,Canal+
/title/tt0112682/,25021,Constellation
/title/tt0276919/,53875,Zoma Films Ltd.
/title/tt0120255/,2514,Alliance Films
/title/tt0092610/,294,New Zealand Film Commission
/title/tt0097499/,288,BBC Film
/title/tt0120324/,882,TOHO
/title/tt0246578/,19813,Flower Films
/title/tt0401792/,14,Miramax
/title/tt0040724/,60,United Artists
/title/tt0070510/,14120,The Directors Company
/title/tt0052618/,21,Metro-Goldwyn-Mayer
/title/tt0073486/,286,Fantasy Films
/title/tt0105236/,26198,Dog Eat Dog Productions
/title/tt0117802/,14,Miramax
/title/tt0158983/,258,Scott Rudin Productions
/title/tt0092106/,2598,Hasbro
/title/tt1895587/,10427,Open Road Films
/title/tt1727824/,25,20th Century Fox
/title/tt0780536/,10146,Focus Features
/title/tt0116477/,97,Castle Rock Entertainment
/title/tt0230600/,778,Las Producciones del Escorpion
/title/tt0425112/,33,Universal Pictures
/title/tt0140888/,393,MACT Productions
/title/tt0993846/,19177,Red Granite Pictures
/title/tt0055614/,516,Seven Arts Productions
/title/tt0088247/,41,Orion Pictures
/title/tt0082269/,11359,France 2
/title/tt0097202/,44693,Magnum Films Limited
/title/tt0119177/,5,Columbia Pictures
/title/tt0120188/,23690,Coast Ridge
/title/tt0068646/,10211,Alfran Productions
/title/tt0032553/,71975,Roy Export Company Establishment
/title/tt0154420/,2999,SVT
/title/tt0203009/,25,20th Century Fox
/title/tt0405159/,1171,Epsilon Motion Pictures
/title/tt0372784/,174,Warner Bros. Pictures
/title/tt0369702/,784,Himenóptero
/title/tt2119532/,10951,Screen NSW
/title/tt0276919/,2999,SVT
/title/tt0203230/,11351,Hart-Sharp Entertainment
/title/tt0095631/,33,Universal Pictures
/title/tt0246578/,3334,Adam Fields Productions
/title/tt0072890/,174,Warner Bros. Pictures
/title/tt0101507/,5,Columbia Pictures
/title/tt0088847/,11043,A&M Films
/title/tt0099077/,67713,Parkes/Lasker productions
/title/tt0780504/,7263,FilmDistrict
/title/tt0058385/,174,Warner Bros. Pictures
/title/tt0892769/,4,Paramount
/title/tt1403865/,82819,Skydance
/title/tt0340377/,921,Next Wednesday Productions
/title/tt0105695/,171,Malpaso Productions
/title/tt0037884/,4,Paramount
/title/tt0117589/,10100,Thin Man Films
/title/tt0078841/,136373,CIP
/title/tt3783958/,2527,Marc Platt Productions
/title/tt0167260/,12,New Line Cinema
/title/tt1504320/,7217,See-Saw Films
/title/tt1250777/,1632,Lionsgate
/title/tt0190590/,2092,Mike Zoss Productions
/title/tt0249462/,10146,Focus Features
/title/tt0125664/,65636,West-Shapiro
/title/tt0095765/,356,TF1 Films Production
/title/tt0096283/,1779,Tokuma Shoten
/title/tt0071411/,344,Mosfilm
/title/tt0085809/,16645,Santa Fe Institute for Regional Education
/title/tt1655442/,71510,JD Prod
/title/tt0070511/,4928,Allied Artists Pictures
/title/tt0102138/,508,Regency Enterprises
/title/tt0078748/,25,20th Century Fox
/title/tt0166924/,694,StudioCanal
/title/tt0325710/,174,Warner Bros. Pictures
/title/tt0325710/,348,Bedford Falls Productions
/title/tt0059113/,60762,Carlo Ponti Production
/title/tt0367110/,2320,UTV Motion Pictures
/title/tt0947798/,7503,Protozoa Pictures
/title/tt0169102/,2140,Aamir Khan Productions
/title/tt0091288/,1869,AMLF
/title/tt0097202/,189012,International Subtitle Company
/title/tt0087553/,500,Goldcrest
/title/tt0058150/,60,United Artists
/title/tt0114814/,361,Blue Parrot Productions
/title/tt0082971/,4,Paramount
/title/tt1255953/,9115,Société Radio-Canada
/title/tt0087843/,218,Rafran Cinematografica
/title/tt0450259/,348,Bedford Falls Productions
/title/tt0372784/,429,DC Comics
/title/tt1024648/,1782,Smoke House Pictures
/title/tt0083922/,480,Tobis
/title/tt0112682/,79439,Phoenix Images
/title/tt0276919/,321,Memfis Film
/title/tt0276919/,591,France 3 Cinéma
/title/tt0276919/,11239,Liberator Productions
/title/tt0276919/,23207,Invicta Capital
/title/tt0107688/,8835,Skellington Productions Inc.
/title/tt0120586/,12,New Line Cinema
/title/tt0116695/,559,TriStar Pictures
/title/tt0023969/,4,Paramount
/title/tt0083866/,33,Universal Pictures
/title/tt0042041/,174,Warner Bros. Pictures
/title/tt0119488/,174,Warner Bros. Pictures
/title/tt0108065/,258,Scott Rudin Productions
/title/tt0056218/,623,MC Productions
/title/tt0090605/,25,20th Century Fox
/title/tt0338013/,10059,This Is That Productions
/title/tt0209144/,598,Team Todd
/title/tt0078841/,134056,Northstar Media
/title/tt0094947/,1176,Lorimar Film Entertainment
/title/tt0365748/,694,StudioCanal
/title/tt10272386/,22153,Trademark Films
/title/tt0434409/,451,Medienboard Berlin-Brandenburg
/title/tt0099334/,176204,Investors Club
/title/tt0101700/,25021,Constellation
/title/tt4857264/,29566,Atresmedia
/title/tt1305806/,5517,100 Bares
/title/tt0101640/,21330,Century Communications
/title/tt0071411/,6091,Atelier 41
/title/tt0010323/,55,Decla Film Gesellschaft Holz & Co.
/title/tt0060665/,571,Highland Films
/title/tt0381061/,10761,Danjaq
/title/tt0091867/,6705,Film4 Productions
/title/tt0120601/,278,Propaganda Films
/title/tt0127536/,1382,PolyGram Filmed Entertainment
/title/tt0462322/,6869,Yer Dead Productions
/title/tt0181865/,987,USA Films
/title/tt0110413/,66743,Les Films du Dauphin
/title/tt0022100/,43854,Nero-Film AG
/title/tt0364569/,399,Show East
/title/tt0110729/,294,New Zealand Film Commission
/title/tt0119177/,216,Jersey Films
/title/tt0154420/,119,DR
/title/tt0211915/,7248,Union Générale Cinématographique (UGC)
/title/tt0083658/,7965,The Ladd Company
/title/tt0120780/,33,Universal Pictures
/title/tt1013753/,10146,Focus Features
/title/tt0058331/,3166,Walt Disney Productions
/title/tt1392214/,18208,8:38 Productions
/title/tt0076759/,1,Lucasfilm Ltd.
/title/tt0117665/,278,Propaganda Films
/title/tt0119488/,508,Regency Enterprises
/title/tt0119488/,2428,The Wolper Organization
/title/tt0117500/,10288,Don Simpson/Jerry Bruckheimer Films
/title/tt0114924/,915,Hollywood Pictures
/title/tt0100436/,12,New Line Cinema
/title/tt1205489/,79,Village Roadshow Pictures
/title/tt1205489/,174,Warner Bros. Pictures
/title/tt0112431/,2537,Kennedy Miller Productions
/title/tt0408236/,49325,Parkes+MacDonald Image Nation
/title/tt0308644/,14,Miramax
/title/tt1392190/,41624,RatPac Entertainment
/title/tt3170832/,1898,Fís Éireann/Screen Ireland
/title/tt0457430/,2029,Estudios Picasso
/title/tt0457430/,11628,Tequila Gang
/title/tt0169858/,529,Production I.G
/title/tt0245429/,10342,Studio Ghibli
/title/tt5323662/,9148,Pony Canyon
/title/tt1130884/,562,Appian Way
/title/tt0072431/,1298,Jouer Limited
/title/tt0053198/,10897,Sédif Productions
/title/tt0993846/,23243,Sikelia Productions
/title/tt0381061/,264,Studio Babelsberg
/title/tt0112697/,4,Paramount
/title/tt0091288/,1245,TSR
/title/tt0030341/,1221,Gainsborough Pictures
/title/tt0094336/,20076,HandMade Films
/title/tt0116583/,2,Walt Disney Pictures
/title/tt10872600/,420,Marvel Studios
/title/tt0086879/,5237,The Saul Zaentz Company
/title/tt4154796/,420,Marvel Studios
/title/tt0185125/,83,France 2 Cinéma
/title/tt1979320/,163,Revolution Films
/title/tt0108394/,104,Canal+
/title/tt0112817/,663,12 Gauge Productions
/title/tt1136608/,8504,Block / Hanson
/title/tt0093389/,5,Columbia Pictures
/title/tt0168629/,157,SVT Drama
/title/tt0103873/,466,Avalon/NFU Studios
/title/tt0112691/,297,Aardman
/title/tt0115640/,181,Channel Four Films
/title/tt0106308/,10308,Dino De Laurentiis Company
/title/tt0120324/,3324,BBC
/title/tt0077975/,33,Universal Pictures
/title/tt0077975/,13300,Stage III Productions
/title/tt0051036/,60,United Artists
/title/tt0044081/,174,Warner Bros. Pictures
/title/tt0116908/,12,New Line Cinema
/title/tt0780504/,2527,Marc Platt Productions
/title/tt0115956/,1302,Davis Entertainment
/title/tt1403865/,4,Paramount
/title/tt0112384/,7799,TF1 International
/title/tt0086979/,13949,River Road Productions
/title/tt0469494/,14,Miramax
/title/tt0133093/,1885,Silver Pictures
/title/tt0033467/,11447,Mercury Productions
/title/tt0120623/,3,Pixar
/title/tt0119822/,34,Sony Pictures
/title/tt1895587/,99366,Topic Studios
/title/tt0112641/,11584,De Fina-Cappa
/title/tt0120735/,13419,SKA Films
/title/tt0120663/,385,Stanley Kubrick Productions
/title/tt2024544/,10104,New Regency Pictures
/title/tt10272386/,104,Canal+
/title/tt3170832/,82552,Elevation Pictures
/title/tt0089606/,6181,SF Studios
/title/tt0091480/,875,Films A2
/title/tt0038348/,47820,Andre Paulve Film
/title/tt0047528/,217,Ponti-De Laurentiis Cinematografica
/title/tt3011894/,6458,INCAA
/title/tt1305806/,5623,Haddock Films
/title/tt0457430/,1182,Telecinco Cinema
/title/tt0119698/,67681,TNDG
/title/tt0089881/,882,TOHO
/title/tt0069293/,77883,Unit Four
/title/tt0021749/,60,United Artists
/title/tt1655442/,8676,uFilm
/title/tt1655442/,591,France 3 Cinéma
/title/tt5074352/,2,Walt Disney Pictures
/title/tt0056592/,24308,Brentwood Productions
/title/tt0064115/,12443,Newman-Foreman Company
/title/tt0075314/,46060,Bill/Phillips
/title/tt0078748/,19747,Brandywine Productions
/title/tt0405508/,108024,Rakeysh Omprakash Mehra Pictures
/title/tt0109759/,10166,Alliance Entertainment
/title/tt0071562/,4,Paramount
/title/tt0071315/,4,Paramount
/title/tt4633694/,5,Columbia Pictures
/title/tt0110912/,216,Jersey Films
/title/tt0211915/,315,Filmstiftung Nordrhein-Westfalen
/title/tt0298228/,654,South Pacific Pictures
/title/tt0068182/,843,Werner Herzog Filmproduktion
/title/tt1856101/,1645,Scott Free Productions
/title/tt2119532/,8915,Pandemonium
/title/tt0168629/,47,Constantin Film
/title/tt0107653/,12745,British Screen Productions
/title/tt0097351/,33,Universal Pictures
/title/tt0072890/,612,Artists Entertainment Complex
/title/tt2084970/,38145,Bristol Automotive
/title/tt0116908/,2980,Forge
/title/tt0117571/,163562,Woods Entertainment
/title/tt0096332/,174,Warner Bros. Pictures
/title/tt0333766/,11728,Camelot Pictures
/title/tt0086190/,1,Lucasfilm Ltd.
/title/tt0109830/,4,Paramount
/title/tt0116191/,1443,Matchmaker Films
/title/tt0109045/,1382,PolyGram Filmed Entertainment
/title/tt1170358/,21,Metro-Goldwyn-Mayer
/title/tt0166896/,105,CiBy 2000
/title/tt0780536/,20899,Twins Financing
/title/tt0081505/,734,Producers Circle
/title/tt2024544/,6705,Film4 Productions
/title/tt10272386/,2564,Ciné-@
/title/tt1139797/,5785,Sandrew Metronome Sverige
/title/tt0111495/,22587,CAB Productions
/title/tt0245574/,561,Anhelo Productions
/title/tt1305806/,8046,Telefe
/title/tt1069238/,4649,Sedic
/title/tt0055031/,60,United Artists
/title/tt0047437/,4,Paramount
/title/tt0107290/,56,Amblin Entertainment
/title/tt8108198/,115954,Matchbox Pictures
/title/tt0083987/,501,Indo-British
/title/tt6966692/,7,DreamWorks Pictures
/title/tt0113627/,60,United Artists
/title/tt1821480/,164741,Bound Script Production
/title/tt0040725/,14029,Independent Producers
/title/tt0119174/,278,Propaganda Films
/title/tt0375679/,2448,Yari Film Group
/title/tt0375063/,43,Fox Searchlight Pictures
/title/tt0120684/,4343,Showtime Networks
/title/tt2758880/,16903,Bredok Filmproduction
/title/tt0120802/,6705,Film4 Productions
/title/tt0102536/,183,Le Studio Canal+
/title/tt0102536/,186,Pyramide Productions
/title/tt0063227/,18135,Haworth Productions
/title/tt0089886/,187063,Brian Grazer Productions
/title/tt0107688/,9195,Touchstone Pictures
/title/tt0315733/,10888,Mediana Productions Filmgesellschaft
/title/tt0117887/,25,20th Century Fox
/title/tt0333766/,216,Jersey Films
/title/tt0097123/,41,Orion Pictures
/title/tt0137523/,54051,Atman Entertainment
/title/tt0101921/,34998,Avnet/Kerner Productions
/title/tt0824747/,171,Malpaso Productions
/title/tt0064116/,4,Paramount
/title/tt0077402/,2483,Laurel Entertainment
/title/tt0092106/,499,De Laurentiis Entertainment Group
/title/tt0112641/,11583,Syalis DA
/title/tt3783958/,10161,Gilbert Films
/title/tt0120655/,91820,STK Films
/title/tt0107616/,3102,Renaissance Films
/title/tt0057012/,5,Columbia Pictures
/title/tt10272386/,11778,F Comme Film
/title/tt0190590/,33,Universal Pictures
/title/tt0434409/,1885,Silver Pictures
/title/tt4857264/,5085,TV3
/title/tt1069238/,3219,Amuse Soft Entertainment
/title/tt0347149/,10342,Studio Ghibli
/title/tt0119698/,2752,dentsu Music And Entertainment
/title/tt0071411/,880,Daiei Film
/title/tt15097216/,55821,2D Entertainment
/title/tt0292490/,2934,Excel Entertainment
/title/tt1280558/,2320,UTV Motion Pictures
/title/tt0107943/,5,Columbia Pictures
/title/tt0102138/,174,Warner Bros. Pictures
/title/tt0498380/,174,Warner Bros. Pictures
/title/tt0147612/,10565,Good Machine
/title/tt0358273/,85,Konrad Pictures
/title/tt8579674/,7,DreamWorks Pictures
/title/tt0107048/,5,Columbia Pictures
/title/tt0110413/,9,Gaumont
/title/tt0071853/,416,Python (Monty) Pictures Limited
/title/tt0071562/,536,The Coppola Company
/title/tt0167404/,158,Spyglass Entertainment
/title/tt4633694/,14439,Arad Productions
/title/tt0046268/,534,Filmsonor
/title/tt0374546/,11557,Muhan Investment
/title/tt0363163/,3391,ORF
/title/tt0108394/,591,France 3 Cinéma
/title/tt0093389/,474,Yanco
/title/tt0369702/,850,Eurimages
/title/tt0112682/,1871,Cofimage 5
/title/tt0454876/,2807,India Take One Productions
/title/tt0112302/,2,Walt Disney Pictures
/title/tt0095631/,136,City Light Films
/title/tt0113862/,915,Hollywood Pictures
/title/tt0093822/,25,20th Century Fox
/title/tt0449059/,2570,Bona Fide Productions
/title/tt0120382/,4,Paramount
/title/tt0327056/,79,Village Roadshow Pictures
/title/tt0097123/,13309,Jack Rollins & Charles H. Joffe Productions
/title/tt0097493/,10170,Cinemarque Entertainment
/title/tt0114558/,33,Universal Pictures
/title/tt1170358/,12,New Line Cinema
/title/tt0099348/,2630,Majestic Films International
/title/tt0062229/,11788,Compagnie Industrielle et Commerciale Cinématographique (CICC)
/title/tt3011894/,174,Warner Bros. Pictures
/title/tt1305806/,7680,Tornasol Films
/title/tt0094625/,3069,Tokyo Movie Shinsha
/title/tt0169858/,1194,KADOKAWA Shoten
/title/tt0042876/,880,Daiei Film
/title/tt0119094/,456,WCG Entertainment Productions
/title/tt0107943/,2370,Merchant Ivory Productions
/title/tt0783233/,10146,Focus Features
/title/tt0381061/,5,Columbia Pictures
/title/tt0064115/,135092,George Roy Hill-Paul Monash Production
/title/tt0116905/,97,Castle Rock Entertainment
/title/tt0054047/,20931,Alpha Productions
/title/tt1028532/,11341,Stage 6 Films
/title/tt1028532/,11278,Inferno Distribution
/title/tt0208092/,5,Columbia Pictures
/title/tt0059113/,21,Metro-Goldwyn-Mayer
/title/tt5013056/,104,Canal+
/title/tt4729430/,101644,The SPA Studios
/title/tt0169102/,3119,Ashutosh Gowariker Productions
/title/tt0050986/,6181,SF Studios
/title/tt0085859/,7049,Enigma Productions
/title/tt0058150/,10761,Danjaq
/title/tt0088794/,11043,A&M Films
/title/tt0032553/,60,United Artists
/title/tt0093191/,6116,Argos Films
/title/tt2991224/,6154,Allfilm
/title/tt2209418/,19246,Faliro House Productions
/title/tt0375679/,25432,Bull's Eye Entertainment
/title/tt0146882/,10163,Working Title Films
/title/tt0372784/,9996,Syncopy
/title/tt0112471/,97,Castle Rock Entertainment
/title/tt2119532/,50481,Vendian Entertainment
/title/tt0112682/,592,Claudie Ossard Productions
/title/tt0112682/,9335,Canal+ España
/title/tt0112682/,79438,Ossane
/title/tt0168629/,14937,Íslenska kvikmyndasamsteypan
/title/tt0246578/,185,Pandora Cinema
/title/tt0113862/,1382,PolyGram Filmed Entertainment
/title/tt0091042/,4,Paramount
/title/tt0088847/,8812,Channel Productions
/title/tt1049413/,3,Pixar
/title/tt0034240/,4,Paramount
/title/tt0061809/,5,Columbia Pictures
/title/tt0114558/,25,20th Century Fox
/title/tt0059026/,16340,Lee Mendelson Film Productions
/title/tt0060345/,54210,MGM Animation/Visual Arts
/title/tt1895587/,199407,Seville International
/title/tt0119349/,53473,Canal+ Droits Audiovisuels
/title/tt0100519/,10492,Thirteen
/title/tt0073629/,463,Michael White Productions
/title/tt0249462/,10163,Working Title Films
/title/tt0113247/,104,Canal+
/title/tt0037674/,643,Société Nouvelle Pathé Cinéma
/title/tt0095765/,7110,Les Films Ariane
/title/tt4857264/,67412,Movistar+
/title/tt0287467/,11652,Warner Bros. Entertainment España
/title/tt0094625/,59118,Kodansha
/title/tt0317248/,345,O2 Filmes
/title/tt0381681/,97,Castle Rock Entertainment
/title/tt0108399/,342,Davis Films
/title/tt2380307/,3,Pixar
/title/tt0046438/,192,Shochiku
/title/tt0099810/,1693,Nina Saxon Film Design
/title/tt0947798/,43,Fox Searchlight Pictures
/title/tt0071853/,463,Michael White Productions
/title/tt0758758/,1246,River Road Entertainment
/title/tt0758758/,4700,The Linson Company
/title/tt0211915/,14,Miramax
/title/tt3659388/,28788,Genre Films
/title/tt0058461/,10481,Jolly Film
/title/tt0101765/,12984,Norsk Film
/title/tt0083922/,9,Gaumont
/title/tt0120802/,12,New Line Cinema
/title/tt0120802/,11912,Mikado Film
/title/tt2106476/,2999,SVT
/title/tt0253474/,208,Bac Films
/title/tt0369702/,692,Sogecine
/title/tt0369702/,28812,Filmanova
/title/tt2119532/,8186,Bliss Media
/title/tt0361748/,33,Universal Pictures
/title/tt0276919/,53874,Sigma Films
/title/tt0097499/,3102,Renaissance Films
/title/tt0203230/,1596,Shooting Gallery
/title/tt2084970/,7493,FilmNation Entertainment
/title/tt0421715/,174,Warner Bros. Pictures
/title/tt0092005/,5,Columbia Pictures
/title/tt0892769/,521,DreamWorks Animation
/title/tt0080455/,33,Universal Pictures
/title/tt3501632/,420,Marvel Studios
/title/tt0796366/,4,Paramount
/title/tt0068473/,12282,Elmer Enterprises
/title/tt0117589/,6705,Film4 Productions
/title/tt1895587/,6735,Participant
/title/tt0167261/,5237,The Saul Zaentz Company
/title/tt0081505/,88,Hawk Films
/title/tt0112818/,10163,Working Title Films
/title/tt2024544/,1246,River Road Entertainment
/title/tt0434409/,174,Warner Bros. Pictures
/title/tt1139797/,194617,WAG
/title/tt0099334/,310,CNC
/title/tt1069238/,1778,dentsu
/title/tt0106332/,42874,"Tomson (Hong Kong) Films Co., Ltd."
/title/tt0381681/,11510,Detour Filmproduction
/title/tt0103064/,574,Lightstorm Entertainment
/title/tt8108198/,6808,Viacom18 Studios
/title/tt0044706/,60,United Artists
/title/tt6966692/,69484,Alibaba Pictures Group
/title/tt0097202/,5551,Long Shong Pictures
/title/tt0041959/,632,British Lion Films
/title/tt0758758/,838,Paramount Vantage
/title/tt0120815/,7,DreamWorks Pictures
/title/tt10872600/,84041,Pascal Pictures
/title/tt1877832/,25,20th Century Fox
/title/tt2991224/,15326,Georgianfilm
/title/tt0450259/,449,Virtual Studios
/title/tt0375679/,12260,Bob Yari Productions
/title/tt0407887/,7380,Initial Entertainment Group
/title/tt0043265/,60,United Artists
/title/tt0112682/,58,Sony Pictures Classics
/title/tt0276919/,5975,YLE
/title/tt0038574/,14377,J. Arthur Rank Organisation
/title/tt0063227/,494,AVCO Embassy Pictures
/title/tt0119164/,8764,Redwave Films
/title/tt0117913/,174,Warner Bros. Pictures
/title/tt0119229/,175,Caravan Pictures
/title/tt0272338/,12,New Line Cinema
/title/tt0106977/,174,Warner Bros. Pictures
/title/tt0075148/,8880,Winkler Films
/title/tt1291584/,6573,Mimran Schur Pictures
/title/tt0076759/,25,20th Century Fox
/title/tt0327056/,171,Malpaso Productions
/title/tt0080339/,72275,Howard W. Koch Productions
/title/tt0765429/,23,Imagine Entertainment
/title/tt0116282/,10163,Working Title Films
/title/tt0150662/,321,Memfis Film
/title/tt0150662/,2999,SVT
/title/tt0169858/,3034,TV Tokyo
/title/tt1069238/,1393,TBS
/title/tt1069238/,3031,The Asahi Shimbun
/title/tt5311514/,8157,East Japan Marketing & Communications
/title/tt0106332/,2269,China Film Co-Production Corporation
/title/tt0299977/,2269,China Film Co-Production Corporation
/title/tt0101640/,21329,ERA International
/title/tt0317248/,11445,Hank Levine Film
/title/tt0015648/,105448,Goskino USSR
/title/tt5074352/,2140,Aamir Khan Productions
/title/tt0051201/,60,United Artists
/title/tt0032599/,5,Columbia Pictures
/title/tt0053946/,893,Stanley Kramer Productions
/title/tt0086250/,33,Universal Pictures
/title/tt0126886/,4,Paramount
/title/tt0103064/,1280,Pacific Western
/title/tt0120689/,1382,PolyGram Filmed Entertainment
/title/tt0120601/,279,Single Cell Pictures
/title/tt0166924/,636,Babbo Inc.
/title/tt0166924/,637,The Picture Factory
/title/tt0083987/,32413,National Film Development Corporation of India
/title/tt5013056/,67254,Kaap Holland Film
/title/tt0085859/,12016,Celandine Films
/title/tt1302006/,8880,Winkler Films
/title/tt0120338/,25,20th Century Fox
/title/tt0266697/,14,Miramax
/title/tt0266697/,59,A Band Apart
/title/tt0185125/,82,Renn Productions
/title/tt0185125/,357,Vía Digital
/title/tt0091605/,7110,Les Films Ariane
/title/tt0363163/,7201,NDR
/title/tt2758880/,94,ARTE France Cinéma
/title/tt2119532/,51860,AI Film
/title/tt0103873/,11,WingNut Films
/title/tt0047396/,4,Paramount
/title/tt0054215/,10717,Shamley Productions
/title/tt0093779/,56485,Act III Productions
/title/tt0108065/,932,Mirage Enterprises
/title/tt0137523/,54052,Knickerbocker Films
/title/tt1345836/,174,Warner Bros. Pictures
/title/tt7286456/,83036,Joint Effort
/title/tt0116409/,175303,Bernina Film
/title/tt0120663/,195,Pole Star
/title/tt0162346/,826,Capitol Films
/title/tt1454029/,436,1492 Pictures
/title/tt0111495/,1245,TSR
/title/tt0108101/,23808,Price Entertainment
/title/tt1130884/,4,Paramount
/title/tt1130884/,23243,Sikelia Productions
/title/tt0090329/,4,Paramount
/title/tt0126886/,746,MTV Films
/title/tt0102138/,644,Alcor Films
/title/tt0088247/,1280,Pacific Western
/title/tt1853728/,308,The Weinstein Company
/title/tt5013056/,41624,RatPac Entertainment
/title/tt0071853/,464,National Film Trustee Company
/title/tt0181689/,76068,Digital Image Associates
/title/tt1877832/,31076,Simon Kinberg Productions
/title/tt0071230/,174,Warner Bros. Pictures
/title/tt1255953/,313,TS Productions
/title/tt0375679/,2087,Blackfriars Bridge Films
/title/tt0111507/,6274,MK2 Films
/title/tt0108394/,850,Eurimages
/title/tt2106476/,5403,Nordisk Film & TV Fond
/title/tt0440963/,11347,Ludlum Entertainment
/title/tt0454876/,290,Ingenious Media
/title/tt0276919/,12023,Nederlandse Programma Stichting (NPS)
/title/tt0110889/,14,Miramax
/title/tt0120324/,7248,Union Générale Cinématographique (UGC)
/title/tt0117318/,4198,Ixtlan
/title/tt0058385/,5490,CBS Films
/title/tt2267998/,10104,New Regency Pictures
/title/tt0047296/,11356,Horizon Pictures
/title/tt0049223/,21,Metro-Goldwyn-Mayer
/title/tt0109506/,7405,Dimension Films
/title/tt0029583/,3166,Walt Disney Productions
/title/tt0049833/,12275,Motion Picture Associates
/title/tt0109830/,412,Wendy Finerman Productions
/title/tt0120176/,21716,Sweetland Films
/title/tt0101921/,149948,Electric Shadow Productions
/title/tt0117589/,105,CiBy 2000
/title/tt0167261/,11,WingNut Films
/title/tt0166896/,635,Les Films Alain Sarde
/title/tt0166896/,6705,Film4 Productions
/title/tt0425112/,443,Big Talk Productions
/title/tt0365748/,6705,Film4 Productions
/title/tt10272386/,180150,Simon Friend Entertainment
/title/tt0125664/,4650,Marubeni
/title/tt1305806/,11408,Ministerio de Cultura
/title/tt0044741/,882,TOHO
/title/tt0190332/,2798,Columbia Pictures Film Production Asia
/title/tt0317248/,13969,Globo Filmes
/title/tt0061184/,174,Warner Bros. Pictures
/title/tt0268126/,5,Columbia Pictures
/title/tt0072431/,25,20th Century Fox
/title/tt0108399/,10210,Morgan Creek
/title/tt0113277/,675,Forward Pass
/title/tt0044079/,174,Warner Bros. Pictures
/title/tt0117631/,41999,South Australian Feature Film Company
/title/tt0097576/,4,Paramount
/title/tt0119008/,11407,Baltimore Pictures
/title/tt1220719/,152357,New Film Studio of Beijing Starlight International Media Co. Ltd.
/title/tt0092593/,310,CNC
/title/tt0092593/,11255,Images Investissements
/title/tt0097223/,49255,Televizija Sarajevo
/title/tt0475276/,694,StudioCanal
/title/tt0118843/,105,CiBy 2000
/title/tt8267604/,54268,Boo Pictures
/title/tt0454876/,13480,Haishang Films
/title/tt0168629/,447,TV 1000 Sverige
/title/tt0041546/,2650,Ealing Studios
/title/tt0114388/,5,Columbia Pictures
/title/tt0129167/,2785,Warner Bros. Animation
/title/tt2948372/,2,Walt Disney Pictures
/title/tt0315733/,10059,This Is That Productions
/title/tt0315733/,10146,Focus Features
/title/tt0061811/,219,The Mirisch Company
/title/tt0180093/,380,Thousand Words
/title/tt0209144/,34446,I Remember Productions
/title/tt7286456/,128064,DC Films
/title/tt1205489/,171,Malpaso Productions
/title/tt0114478/,6236,NDF International
/title/tt0425112/,10146,Focus Features
/title/tt0365748/,443,Big Talk Productions
/title/tt0120630/,521,DreamWorks Animation
/title/tt0287467/,10565,Good Machine
/title/tt0347149/,12518,d-rights
/title/tt0190332/,20291,Zoom Hunt International Productions Company Ltd.
/title/tt0069293/,344,Mosfilm
/title/tt0014429/,2159,Hal Roach Studios
/title/tt0015864/,1315,Charles Chaplin Productions
/title/tt0119094/,458,Douglas/Reuther Productions
/title/tt1130884/,181992,Mandate International
/title/tt0056592/,1511,Pakula-Mulligan
/title/tt1675434/,356,TF1 Films Production
/title/tt0435761/,3,Pixar
/title/tt0120689/,97,Castle Rock Entertainment
/title/tt0166924/,635,Les Films Alain Sarde
/title/tt0062622/,21,Metro-Goldwyn-Mayer
/title/tt0082269/,9377,Les Films Galaxie
/title/tt0095159/,21,Metro-Goldwyn-Mayer
/title/tt0113627/,21,Metro-Goldwyn-Mayer
/title/tt0066026/,25,20th Century Fox
/title/tt0077711/,69206,"Alliance, Incorporated Television Company (ITC)"
/title/tt0211915/,104,Canal+
/title/tt0405094/,336,Wiedemann & Berg Film
/title/tt0374546/,139,LJ Film
/title/tt0058461/,60,United Artists
/title/tt0083922/,2302,Svenska Filminstitutet
/title/tt0369702/,8,Fine Line Features
/title/tt2119532/,10246,Cross Creek Pictures
/title/tt0168629/,239,VPRO
/title/tt0276919/,7777,Slot Machine
/title/tt0120324/,4,Paramount
/title/tt0077975/,13298,Oregon Film Factory
/title/tt0051036/,14908,Curtleigh Productions
/title/tt0098258/,25,20th Century Fox
/title/tt2488496/,1,Lucasfilm Ltd.
/title/tt0061512/,174,Warner Bros. Pictures
/title/tt0467406/,181992,Mandate International
/title/tt0119217/,23201,Be Gentlemen Limited Partnership
/title/tt0053125/,21,Metro-Goldwyn-Mayer
/title/tt0120737/,5237,The Saul Zaentz Company
/title/tt0172495/,1645,Scott Free Productions
/title/tt1201607/,437,Heyday Films
/title/tt0103130/,10348,Republic Pictures (II)
/title/tt1727824/,90995,Queen Films
/title/tt1139797/,2999,SVT
/title/tt0099334/,1524,DD Productions
/title/tt0113247/,22684,Kasso Productions
/title/tt0050783/,1216,Dino de Laurentiis Cinematografica
/title/tt4857264/,35559,ICEC
/title/tt0094625/,3363,MBS
/title/tt0119698/,6755,Nippon Television Network Corporation
/title/tt0395169/,35,Lions Gate Films
/title/tt0115678/,11661,Rysher Entertainment
/title/tt0477348/,14,Miramax
/title/tt0087884/,45,Road Movies
/title/tt0462322/,443,Big Talk Productions
/title/tt0175880/,211621,JoAnne Sellar Productions
/title/tt0100263/,22191,Les Films du Loup
/title/tt0103905/,11387,Les Artistes Anonymes
/title/tt4016934/,7036,CJ Entertainment
/title/tt0353969/,11557,Muhan Investment
/title/tt0087553/,502,International Film Investors
/title/tt0114814/,9168,Bad Hat Harry Productions
/title/tt0119008/,559,TriStar Pictures
/title/tt0093191/,46,WDR
/title/tt0211915/,12000,Tapioca Films
/title/tt0405094/,44113,Beta Cinema
/title/tt0093058/,174,Warner Bros. Pictures
/title/tt2106476/,119,DR
/title/tt8267604/,8152,DFI
/title/tt0454876/,32555,Netter Productions
/title/tt0102536/,184,Locus Solus Entertainment
/title/tt0276919/,320,Trollhättan Film
/title/tt0276919/,25491,Edith Film
/title/tt0057129/,5579,Metro-Goldwyn-Mayer British Studios
/title/tt0120324/,128586,H2L Media Group
/title/tt0120324/,657,TOHO-TOWA
/title/tt0171804/,11351,Hart-Sharp Entertainment
/title/tt2015381/,420,Marvel Studios
/title/tt0117318/,11317,Phoenix Pictures
/title/tt0780504/,2266,Bold Films
/title/tt0036342/,33,Universal Pictures
/title/tt0026138/,33,Universal Pictures
/title/tt0080678/,4,Paramount
/title/tt2267998/,60682,Artemple - Hollywood
/title/tt0090605/,396,SLM Production Group
/title/tt0070735/,1865,Zanuck/Brown Productions
/title/tt0080339/,4,Paramount
/title/tt0910970/,3,Pixar
/title/tt0091203/,2737,Davis-Panzer Productions
/title/tt0780536/,7419,Scion Films
/title/tt0230600/,7405,Dimension Films
/title/tt0425112/,134,Rogue Pictures
/title/tt0162346/,2130,Mr. Mudd Production
/title/tt0087544/,29,Topcraft
/title/tt0140888/,394,Videofilms
/title/tt4430212/,6808,Viacom18 Studios
/title/tt0119094/,25358,Krane Entertainment
/title/tt0268126/,8856,Intermedia
/title/tt0115736/,491,Summit Entertainment
/title/tt0090967/,21612,Black Snake
/title/tt0083987/,5,Columbia Pictures
/title/tt0118799/,370,Melampo Cinematografica
/title/tt0130827/,46,WDR
/title/tt0364569/,118802,Egg Film
/title/tt0060107/,189863,Tvorcheskoe Obedinienie Pisateley i Kinorabotnikov
/title/tt0140352/,9195,Touchstone Pictures
/title/tt0054698/,11355,Jurow-Shepherd
/title/tt0290334/,9168,Bad Hat Harry Productions
/title/tt0211915/,23446,Sofica Sofinergie 5
/title/tt0374546/,11556,Mirae Asset Capital
/title/tt0375679/,25433,DEJ Productions
/title/tt0110877/,119744,Esterno Mediterraneo Film
/title/tt0475276/,737,Sidney Kimmel Entertainment
/title/tt0093389/,473,TAO Film
/title/tt0253474/,268,FFF Bayern
/title/tt0369702/,7248,Union Générale Cinématographique (UGC)
/title/tt0369702/,11408,Ministerio de Cultura
/title/tt8267604/,137904,KNM Films
/title/tt0112682/,590,Constellation Productions
/title/tt0112682/,8170,Club d'Investissement Média
/title/tt0112682/,25129,Lumière Pictures
/title/tt0168629/,2996,Angel films
/title/tt0168629/,53668,Cinematograph A/S
/title/tt0171804/,43,Fox Searchlight Pictures
/title/tt0319061/,8601,Tim Burton Productions
/title/tt0054997/,25,20th Century Fox
/title/tt0116908/,21920,The Steve Tisch Company
/title/tt0061512/,11496,Jalem Productions
/title/tt0109830/,21920,The Steve Tisch Company
/title/tt0092106/,2301,Marvel Productions
/title/tt0116409/,4,Paramount
/title/tt0120630/,7981,Pathé
/title/tt1454029/,95966,Harbinger Pictures
/title/tt0091480/,1524,DD Productions
/title/tt0095765/,14,Miramax
/title/tt0059578/,7508,PEA
/title/tt0013442/,1960,Prana-Film GmbH
/title/tt0075686/,60,United Artists
/title/tt0032904/,21,Metro-Goldwyn-Mayer
/title/tt0381681/,11509,Warner Independent Pictures (WIP)
/title/tt0381061/,11345,Stillking Films
/title/tt0115736/,10308,Dino De Laurentiis Company
/title/tt0069704/,1,Lucasfilm Ltd.
/title/tt1821480/,103329,Pen Studios
/title/tt8613070/,94,ARTE France Cinéma
/title/tt0091251/,12617,Belarusfilm
/title/tt0049730/,174,Warner Bros. Pictures
/title/tt0119008/,2604,Mark Johnson Productions
/title/tt1255953/,2743,Astral Media
/title/tt0146882/,9195,Touchstone Pictures
/title/tt0091763/,4764,Cinema 84
/title/tt0110877/,119746,K2 Two
/title/tt0083922/,7445,Cinematograph AB
/title/tt0120789/,12,New Line Cinema
/title/tt0063522/,10324,William Castle Productions
/title/tt0107688/,8601,Tim Burton Productions
/title/tt0063442/,25,20th Century Fox
/title/tt0116695/,18,Gracie Films
/title/tt0070510/,4,Paramount
/title/tt0025316/,5,Columbia Pictures
/title/tt0469494/,838,Paramount Vantage
/title/tt0338013/,10146,Focus Features
/title/tt0070735/,33,Universal Pictures
/title/tt0108122/,408,Avenue Entertainment
/title/tt0078841/,82348,New Gold Entertainment
/title/tt1170358/,11,WingNut Films
/title/tt0206634/,11429,Hit & Run Productions
/title/tt1139797/,3576,EFTI
/title/tt0401383/,866,Pathé Renn Productions
/title/tt0059578/,42498,Arturo González Producciones Cinematográficas
/title/tt0094625/,10921,Sumitomo Corporation
/title/tt0094625/,120107,Bandai Entertainment
/title/tt0095327/,10342,Studio Ghibli
/title/tt0347149/,2752,dentsu Music And Entertainment
/title/tt0089881/,1657,Greenwich Film Production
/title/tt0299977/,724,Beijing New Picture Film Co. Ltd.
/title/tt0317248/,11793,Lumière
/title/tt0109117/,89949,Vinay Pictures
/title/tt0113277/,676,Monarchy Enterprises B.V.
/title/tt0031971/,10096,Walter Wanger Productions
/title/tt0102138/,525,Ixtlan Productions
/title/tt0499549/,290,Ingenious Media
/title/tt0166924/,104,Canal+
/title/tt0947798/,10246,Cross Creek Pictures
/title/tt0117631/,1380,Australian Film Finance Corporation
/title/tt0060107/,344,Mosfilm
/title/tt0087553/,7049,Enigma Productions
/title/tt0094336/,5231,Cineplex-Odeon Films
/title/tt0068327/,4928,Allied Artists Pictures
/title/tt0056923/,11404,Stanley Donen Films
/title/tt0058946/,3280,Igor Film
/title/tt0374546/,685,Cineclick Asia
/title/tt0043265/,3632,Romulus Films
/title/tt0111507/,591,France 3 Cinéma
/title/tt0335266/,1780,TFC
/title/tt2119532/,7584,Screen Australia
/title/tt0104361/,297,Aardman
/title/tt1013753/,2721,Jinks/Cohen Company
/title/tt0027977/,1315,Charles Chaplin Productions
/title/tt0119229/,961,Roger Birnbaum Productions
/title/tt0061418/,273,Tatira-Hiller Productions
/title/tt0268978/,23,Imagine Entertainment
/title/tt0117333/,9195,Touchstone Pictures
/title/tt0117438/,9195,Touchstone Pictures
/title/tt0120176/,16280,Jean Doumanian Productions
/title/tt0046816/,893,Stanley Kramer Productions
/title/tt0903624/,21,Metro-Goldwyn-Mayer
/title/tt0172495/,7,DreamWorks Pictures
/title/tt0765429/,8083,Film Rites
/title/tt1201607/,174,Warner Bros. Pictures
/title/tt0103130/,6705,Film4 Productions
/title/tt0066921/,88,Hawk Films
/title/tt1454468/,437,Heyday Films
/title/tt10272386/,15433,Orange Studio
/title/tt0162346/,60,United Artists
/title/tt0113247/,5869,Les Productions Lazennec
/title/tt0062229/,73,Fida Cinematografica
/title/tt0111495/,1610,CED Productions
/title/tt0287467/,29566,Atresmedia
/title/tt5311514/,128617,voque ting
/title/tt5311514/,104184,Lawson Entertainment
/title/tt1954470/,11870,Anurag Kashyap Films
/title/tt0063462/,1296,Crossbow Productions
/title/tt2278388/,22213,TSG Entertainment
/title/tt0091867/,11494,Curzon Film Distributors
/title/tt0026778/,21,Metro-Goldwyn-Mayer
/title/tt0036244/,25,20th Century Fox
/title/tt0119654/,5,Columbia Pictures
/title/tt3315342/,431,The Donners' Company
/title/tt0075314/,5,Columbia Pictures
/title/tt0986264/,63997,PVR Pictures
/title/tt8579674/,103476,Mogambo Films
/title/tt5013056/,9996,Syncopy
/title/tt0095159/,45505,Fish Productions
/title/tt0116231/,47853,Filma-Cass
/title/tt0040725/,4397,The Archers
/title/tt0067992/,3434,David L. Wolper Productions
/title/tt1950186/,138755,Turnpike Films
/title/tt1022603/,4364,Watermark Pictures
/title/tt0405094/,201,ARTE
/title/tt2209418/,11510,Detour Filmproduction
/title/tt2209418/,20313,Venture Forth
/title/tt0407887/,829,Vertigo Entertainment
/title/tt0118715/,1382,PolyGram Filmed Entertainment
/title/tt0112817/,140,Pandora Film
/title/tt8267604/,2280,Les Films des Tournelles
/title/tt8267604/,122613,Sunnyland Film
/title/tt0053779/,220,Pathé Consortium Cinéma
/title/tt0168629/,321,Memfis Film
/title/tt0120586/,11308,Savoy Pictures
/title/tt0110357/,2,Walt Disney Pictures
/title/tt0088847/,33,Universal Pictures
/title/tt1392214/,491,Summit Entertainment
/title/tt2267998/,508,Regency Enterprises
/title/tt0113749/,16934,View Askew Productions
/title/tt0109506/,4028,Crowvision Inc.
/title/tt0327056/,172,NPV Entertainment
/title/tt0079522/,13309,Jack Rollins & Charles H. Joffe Productions
/title/tt0054331/,611,Bryna Productions
/title/tt0119217/,2253,Lawrence Bender Productions
/title/tt0105265/,5,Columbia Pictures
/title/tt0120623/,2,Walt Disney Pictures
/title/tt0158983/,4,Paramount
/title/tt0167260/,11,WingNut Films
/title/tt0166896/,59423,"The Straight Story, Inc"
/title/tt0138097/,33,Universal Pictures
/title/tt1727824/,3281,GK Films
/title/tt0206634/,655,Strike Entertainment
/title/tt0088846/,10214,Embassy International Pictures
/title/tt0230600/,104,Canal+
/title/tt10272386/,180149,AG Studios NYC
/title/tt0099334/,582,Hachette Première
/title/tt0099334/,6454,Caméra One
/title/tt0113247/,694,StudioCanal
/title/tt4857264/,111300,Cosmopolitan TV
/title/tt0092067/,1779,Tokuma Shoten
/title/tt0190332/,10565,Good Machine
/title/tt1555149/,40994,RioFilme
/title/tt0073707/,83145,NH Studioz
/title/tt0102138/,11728,Camelot Pictures
/title/tt0986264/,2140,Aamir Khan Productions
/title/tt0048021/,603,Prima Films
/title/tt0364569/,685,Cineclick Asia
/title/tt0167404/,862,The Kennedy/Marshall Company
/title/tt0075860/,11458,Julia Phillips and Michael Phillips Productions
/title/tt0057115/,60,United Artists
/title/tt4633694/,77973,Lord Miller
/title/tt1220719/,9046,Golden Harvest Company
/title/tt0407887/,5552,Media Asia Films
/title/tt0092593/,753,Nouvelles Éditions de Films (NEF)
/title/tt0097223/,3719,Ljubavny Film
/title/tt0276919/,7843,4 1/2
/title/tt0108598/,297,Aardman
/title/tt0032138/,21,Metro-Goldwyn-Mayer
/title/tt0040746/,1554,Transatlantic Pictures
/title/tt0050083/,10212,Orion-Nova Productions
/title/tt0114369/,4286,Juno Pix
/title/tt1403865/,258,Scott Rudin Productions
/title/tt1403865/,2092,Mike Zoss Productions
/title/tt0053291/,219,The Mirisch Company
/title/tt0133093/,174,Warner Bros. Pictures
/title/tt0078446/,4,Paramount
/title/tt0101921/,33,Universal Pictures
/title/tt0056869/,10715,Alfred J. Hitchcock Productions
/title/tt0172495/,33,Universal Pictures
/title/tt0765429/,1645,Scott Free Productions
/title/tt0816692/,13769,Lynda Obst Productions
/title/tt1250777/,5374,Marv Films
/title/tt0081505/,11272,Peregrine
/title/tt0125664/,762,Mutual Film Company
/title/tt3170832/,6705,Film4 Productions
/title/tt0089606/,115,FilmTeknik
/title/tt5323662/,5438,Kyoto Animation
/title/tt5323662/,22715,Quaras
/title/tt5323662/,192,Shochiku
/title/tt0061184/,1684,Chenault Productions
/title/tt0097165/,184460,A Steven Haft Production
/title/tt0097165/,1089,Witt/Thomas Productions
/title/tt0119094/,9195,Touchstone Pictures
/title/tt0108101/,11308,Savoy Pictures
/title/tt0053198/,53,Les Films du Carrosse
/title/tt0382932/,2,Walt Disney Pictures
/title/tt0067116/,25,20th Century Fox
/title/tt8503618/,122647,Old 320 Sycamore
/title/tt0381061/,7576,Eon Productions
/title/tt3076658/,12,New Line Cinema
/title/tt0102138/,104,Canal+
/title/tt0101414/,10282,Silver Screen Partners IV
/title/tt0462322/,15763,Eyetronics
/title/tt0109759/,14,Miramax
/title/tt0091288/,1583,RAI
/title/tt0082096/,209,Radiant Film GmbH
/title/tt0082432/,417,Australian Film Commission
/title/tt0046268/,144,Fono Roma
/title/tt2209418/,97,Castle Rock Entertainment
/title/tt0450259/,705,Spring Creek Productions
/title/tt0298845/,2307,Hell's Kitchen Films
/title/tt0050212/,5,Columbia Pictures
/title/tt0058461/,47,Constantin Film
/title/tt0092593/,11254,Soficas Investimages
/title/tt0363163/,986,Degeto Film
/title/tt0253474/,269,Filmboard Berlin-Brandenburg (FBB)
/title/tt0253474/,694,StudioCanal
/title/tt0253474/,6480,TVP
/title/tt0440963/,125334,KanZaman Services
/title/tt0102536/,6705,Film4 Productions
/title/tt0168629/,53671,Lantia Cinema & Audiovisivi
/title/tt0120255/,8,Fine Line Features
/title/tt0057129/,21,Metro-Goldwyn-Mayer
/title/tt0089886/,3088,Tri-Star-Delphi III Productions
/title/tt0036613/,174,Warner Bros. Pictures
/title/tt0038787/,614,Vanguard Films
/title/tt0352248/,33,Universal Pictures
/title/tt0120586/,924,The Turman-Morrissey Company
/title/tt0036342/,4005,Skirball Productions
/title/tt1392214/,12199,Madhouse Entertainment
/title/tt1291584/,12425,Filmtribe
/title/tt0114369/,65393,Cecchi Gori Pictures
/title/tt0467406/,771,Mandate Pictures
/title/tt0467406/,2130,Mr. Mudd Production
/title/tt0114709/,3,Pixar
/title/tt0381849/,1632,Lionsgate
/title/tt0060345/,2230,MGM Television
/title/tt1895587/,8147,Entertainment One
/title/tt0112641/,22997,Légende Films
/title/tt0172495/,14440,Red Wagon Entertainment
/title/tt0970179/,2691,Infinitum Nihil
/title/tt4857264/,108143,Orange
/title/tt0092067/,10342,Studio Ghibli
/title/tt0169858/,3466,movic
/title/tt0012349/,1315,Charles Chaplin Productions
/title/tt0119094/,4,Paramount
/title/tt0114746/,507,Atlas Entertainment
/title/tt0054047/,219,The Mirisch Company
/title/tt0120601/,37,Gramercy Pictures
/title/tt0462322/,10807,Troublemaker Studios
/title/tt0175880/,12,New Line Cinema
/title/tt0118849/,14,Miramax
/title/tt0091288/,82,Renn Productions
/title/tt0978762/,4096,icon
/title/tt0110729/,295,NZ on Air
/title/tt0118884/,43910,South Side Amusement Company
/title/tt0120188/,23689,Village-A.M. Partnership
/title/tt0066026/,79024,Ingo Preminger Productions
/title/tt0087843/,10214,Embassy International Pictures
/title/tt0091605/,1583,RAI
/title/tt0112817/,182,JVC
/title/tt1856101/,78028,Thunderbird Entertainment
/title/tt8267604/,8469,Louverture Films
/title/tt0112682/,981,TVE
/title/tt0053779/,1042,Cinecittà
/title/tt0168629/,119,DR
/title/tt0168629/,30268,Pain Unlimited GmbH Filmproduktion
/title/tt0168629/,2801,Film i Väst
/title/tt0110005/,11,WingNut Films
/title/tt7653254/,437,Heyday Films
/title/tt0052561/,5,Columbia Pictures
/title/tt0117128/,33,Universal Pictures
/title/tt0040724/,1316,Monterey Productions
/title/tt0102926/,41,Orion Pictures
/title/tt0469494/,211621,JoAnne Sellar Productions
/title/tt0061809/,29364,Pax Enterprises
/title/tt0381849/,10880,Yuma
/title/tt0068473/,174,Warner Bros. Pictures
/title/tt0824747/,23,Imagine Entertainment
/title/tt0078841/,79560,NatWest Ventures
/title/tt1504320/,7493,FilmNation Entertainment
/title/tt0120655/,6705,Film4 Productions
/title/tt0112818/,1382,PolyGram Filmed Entertainment
/title/tt0230600/,692,Sogecine
/title/tt0249462/,10462,WT2 Productions
/title/tt0249462/,33,Universal Pictures
/title/tt0162346/,37497,Jersey Shore
/title/tt1139797/,228,Filmpool Nord
/title/tt0091480/,82,Renn Productions
/title/tt0401383/,591,France 3 Cinéma
/title/tt5323662/,59118,Kodansha
/title/tt0096283/,10342,Studio Ghibli
/title/tt0053221/,174,Warner Bros. Pictures
/title/tt0035446/,60,United Artists
/title/tt0072431/,1297,Gruskoff/Venture Films
/title/tt0114746/,207976,Twelve Monkeys Productions
/title/tt0783233/,10163,Working Title Films
/title/tt0055614/,219,The Mirisch Company
/title/tt0477348/,258,Scott Rudin Productions
/title/tt0462322/,7405,Dimension Films
/title/tt0358273/,84,Tree Line Films
/title/tt0358273/,711,Fox 2000 Pictures
/title/tt1187043/,3781,Vidhu Vinod Chopra Productions
/title/tt0476735/,67496,Avşar Film
/title/tt0140352/,8759,Mann/Roth Productions
/title/tt0045061/,1432,Republic Pictures
/title/tt1160419/,923,Legendary Pictures
/title/tt0049730/,1322,C.V. Whitney Pictures
/title/tt0087843/,7965,The Ladd Company
/title/tt0091763/,41,Orion Pictures
/title/tt0072684/,174,Warner Bros. Pictures
/title/tt0372784/,923,Legendary Pictures
/title/tt1832382/,84799,MPA APSA Academy Film Fund
/title/tt0097223/,44449,Kinema Sarajevo
/title/tt0440963/,11348,Motion Picture BETA Produktionsgesellschaft
/title/tt0168629/,591,France 3 Cinéma
/title/tt0276919/,12045,Isabella Films B.V.
/title/tt0040746/,174,Warner Bros. Pictures
/title/tt0073195/,1865,Zanuck/Brown Productions
/title/tt0093779/,49243,The Princess Bride Ltd.
/title/tt0031381/,21,Metro-Goldwyn-Mayer
/title/tt0080678/,5612,Brooksfilms
/title/tt0113749/,37,Gramercy Pictures
/title/tt0086979/,11273,Circle Films
/title/tt0081398/,60,United Artists
/title/tt0133093/,372,Groucho II Film Partnership
/title/tt0105236/,285,Live Entertainment
/title/tt0116191/,1363,Haft Entertainment
/title/tt0119822/,18,Gracie Films
/title/tt1285016/,5,Columbia Pictures
/title/tt3783958/,491,Summit Entertainment
/title/tt1504320/,308,The Weinstein Company
/title/tt5027774/,94694,Cutting Edge Group
/title/tt0425112/,694,StudioCanal
/title/tt10272386/,6705,Film4 Productions
/title/tt3170832/,7493,FilmNation Entertainment
/title/tt0050976/,6181,SF Studios
/title/tt0111495/,38,Zespół Filmowy TOR
/title/tt0095765/,119518,Cristaldifilm
/title/tt0056058/,192,Shochiku
/title/tt0057565/,882,TOHO
/title/tt5311514/,3035,4Kids Entertainment
/title/tt0299977/,14,Miramax
/title/tt1675434/,8018,Ten Films
/title/tt0064115/,381,Campanile Productions
/title/tt0099810/,4,Paramount
/title/tt8613070/,43649,Lilies Films
/title/tt0120188/,79,Village Roadshow Pictures
/title/tt1877832/,9168,Bad Hat Harry Productions
/title/tt0211915/,591,France 3 Cinéma
/title/tt0072684/,11272,Peregrine
/title/tt0111507/,850,Eurimages
/title/tt0335266/,70,American Zoetrope
/title/tt1856101/,1088,Alcon Entertainment
/title/tt0056801/,9387,Cineriz
/title/tt0168629/,7330,Blind Spot Pictures
/title/tt0168629/,46,WDR
/title/tt0044008/,19368,George Minter Productions
/title/tt0120587/,521,DreamWorks Animation
/title/tt0120587/,520,Pacific Data Images
/title/tt2948356/,6125,Walt Disney Animation Studios
/title/tt0061722/,47557,"Lawrence Turman Films, Inc."
/title/tt0093779/,49244,Buttercup Films Ltd.
/title/tt0181875/,7,DreamWorks Pictures
/title/tt0061811/,60,United Artists
/title/tt0032455/,3166,Walt Disney Productions
/title/tt0824747/,7295,Relativity Media
/title/tt0903624/,11,WingNut Films
/title/tt0084503/,500,Goldcrest
/title/tt0084503/,21,Metro-Goldwyn-Mayer
/title/tt0094947/,18737,NFH Films
/title/tt0120735/,491,Summit Entertainment
/title/tt0120735/,21920,The Steve Tisch Company
/title/tt0249462/,694,StudioCanal
/title/tt0434409/,23889,Fünfte Babelsberg Film
/title/tt0091480/,1869,AMLF
/title/tt1069238/,91253,TBS Radio
/title/tt0119698/,1778,dentsu
/title/tt0190332/,5,Columbia Pictures
/title/tt0317248/,346,VideoFilmes
/title/tt1655442/,2577,Studio 37
/title/tt0066763/,64339,Rupam Chitra
/title/tt0381061/,209921,Casino Royale Productions Ltd.
/title/tt0064665/,60,United Artists
/title/tt0064115/,25,20th Century Fox
/title/tt3315342/,28788,Genre Films
/title/tt0031971/,60,United Artists
/title/tt0103064/,694,StudioCanal
/title/tt0181865/,7380,Initial Entertainment Group
/title/tt0062622/,385,Stanley Kubrick Productions
/title/tt5013056/,174,Warner Bros. Pictures
/title/tt0947798/,11317,Phoenix Pictures