imdb_id,genre,genre_index
/title/tt0100150/,Crime,1
/title/tt0040746/,Crime,1
/title/tt0048021/,Crime,1
/title/tt0114558/,Crime,1
/title/tt0046911/,Crime,1
/title/tt0114369/,Crime,1
/title/tt0068646/,Crime,1
/title/tt0315733/,Crime,1
/title/tt0117665/,Crime,1
/title/tt0120324/,Crime,1
/title/tt0052311/,Crime,1
/title/tt0071562/,Crime,1
/title/tt0108399/,Crime,1
/title/tt0111149/,Crime,1
/title/tt0113247/,Crime,1
/title/tt0049406/,Crime,1
/title/tt0407887/,Crime,1
/title/tt0086979/,Crime,1
/title/tt0056592/,Crime,1
/title/tt0075314/,Crime,1
/title/tt0044079/,Crime,1
/title/tt0114814/,Crime,1
/title/tt7286456/,Crime,1
/title/tt0101507/,Crime,1
/title/tt0090756/,Crime,1
/title/tt0353969/,Crime,1
/title/tt0112818/,Crime,1
/title/tt0119488/,Crime,1
/title/tt0102926/,Crime,1
/title/tt0086250/,Crime,1
/title/tt3417422/,Crime,1
/title/tt0022100/,Crime,1
/title/tt0036775/,Crime,1
/title/tt0066921/,Crime,1
/title/tt0057565/,Crime,1
/title/tt0094226/,Crime,1
/title/tt0087843/,Crime,1
/title/tt0257044/,Crime,1
/title/tt0039689/,Crime,1
/title/tt15097216/,Crime,1
/title/tt0181865/,Crime,1
/title/tt0042876/,Crime,1
/title/tt0105236/,Crime,1
/title/tt0055614/,Crime,1
/title/tt0048424/,Crime,1
/title/tt0168629/,Crime,1
/title/tt0115736/,Crime,1
/title/tt0026029/,Crime,1
/title/tt0038355/,Crime,1
/title/tt0401792/,Crime,1
/title/tt0276919/,Crime,1
/title/tt0116282/,Crime,1
/title/tt0117913/,Crime,1
/title/tt0053198/,Crime,1
/title/tt0061512/,Crime,1
/title/tt0317248/,Crime,1
/title/tt0327056/,Crime,1
/title/tt0047296/,Crime,1
/title/tt0065234/,Crime,1
/title/tt0062229/,Crime,1
/title/tt4857264/,Crime,1
/title/tt0120689/,Crime,1
/title/tt0112641/,Crime,1
/title/tt0046912/,Crime,1
/title/tt0375679/,Crime,1
/title/tt0033870/,Crime,1
/title/tt0477348/,Crime,1
/title/tt0116231/,Crime,1
/title/tt7060344/,Crime,1
/title/tt0050083/,Crime,1
/title/tt0130827/,Crime,1
/title/tt1392214/,Crime,1
/title/tt0061811/,Crime,1
/title/tt0051201/,Crime,1
/title/tt0110912/,Crime,1
/title/tt0243133/,Crime,1
/title/tt4430212/,Crime,1
/title/tt0110729/,Crime,1
/title/tt0105695/,Drama,1
/title/tt0017136/,Drama,1
/title/tt0048545/,Drama,1
/title/tt0056801/,Drama,1
/title/tt0095765/,Drama,1
/title/tt0091867/,Drama,1
/title/tt2543164/,Drama,1
/title/tt0107943/,Drama,1
/title/tt0120338/,Drama,1
/title/tt0457430/,Drama,1
/title/tt0077416/,Drama,1
/title/tt0117951/,Drama,1
/title/tt0169547/,Drama,1
/title/tt0097351/,Drama,1
/title/tt0069293/,Drama,1
/title/tt8613070/,Drama,1
/title/tt0110889/,Drama,1
/title/tt0108550/,Drama,1
/title/tt1853728/,Drama,1
/title/tt0036244/,Drama,1
/title/tt0047528/,Drama,1
/title/tt0947798/,Drama,1
/title/tt0783233/,Drama,1
/title/tt0111495/,Drama,1
/title/tt0203009/,Drama,1
/title/tt1125849/,Drama,1
/title/tt0102138/,Drama,1
/title/tt0117666/,Drama,1
/title/tt0021884/,Drama,1
/title/tt0113627/,Drama,1
/title/tt0118694/,Drama,1
/title/tt0077711/,Drama,1
/title/tt0043014/,Drama,1
/title/tt0154420/,Drama,1
/title/tt0381681/,Drama,1
/title/tt0094947/,Drama,1
/title/tt0116209/,Drama,1
/title/tt2106476/,Drama,1
/title/tt0175880/,Drama,1
/title/tt0096332/,Drama,1
/title/tt0421715/,Drama,1
/title/tt0083922/,Drama,1
/title/tt1205489/,Drama,1
/title/tt2267998/,Drama,1
/title/tt0871510/,Drama,1
/title/tt0033467/,Drama,1
/title/tt0037674/,Drama,1
/title/tt0405094/,Drama,1
/title/tt0038787/,Drama,1
/title/tt0031381/,Drama,1
/title/tt4016934/,Drama,1
/title/tt0066763/,Drama,1
/title/tt2991224/,Drama,1
/title/tt0246578/,Drama,1
/title/tt0050986/,Drama,1
/title/tt0051036/,Drama,1
/title/tt0101765/,Drama,1
/title/tt0119177/,Drama,1
/title/tt0075860/,Drama,1
/title/tt0298845/,Drama,1
/title/tt0042192/,Drama,1
/title/tt0043456/,Drama,1
/title/tt0071360/,Drama,1
/title/tt0245712/,Drama,1
/title/tt0058385/,Drama,1
/title/tt0166924/,Drama,1
/title/tt1255953/,Drama,1
/title/tt0137523/,Drama,1
/title/tt0117333/,Drama,1
/title/tt0118849/,Drama,1
/title/tt0104257/,Drama,1
/title/tt0114388/,Drama,1
/title/tt0093191/,Drama,1
/title/tt0058946/,Drama,1
/title/tt0101640/,Drama,1
/title/tt1305806/,Drama,1
/title/tt0088846/,Drama,1
/title/tt0037008/,Drama,1
/title/tt0061184/,Drama,1
/title/tt0120586/,Drama,1
/title/tt0482571/,Drama,1
/title/tt0032976/,Drama,1
/title/tt0116905/,Drama,1
/title/tt0119349/,Drama,1
/title/tt0082096/,Drama,1
/title/tt8267604/,Drama,1
/title/tt0045793/,Drama,1
/title/tt0245574/,Drama,1
/title/tt0112471/,Drama,1
/title/tt0090329/,Drama,1
/title/tt0287467/,Drama,1
/title/tt1659337/,Drama,1
/title/tt0115751/,Drama,1
/title/tt0169102/,Drama,1
/title/tt1069238/,Drama,1
/title/tt0986264/,Drama,1
/title/tt2582802/,Drama,1
/title/tt0034583/,Drama,1
/title/tt0018455/,Drama,1
/title/tt0038348/,Drama,1
/title/tt0056218/,Drama,1
/title/tt0101921/,Drama,1
/title/tt0059113/,Drama,1
/title/tt0074119/,Drama,1
/title/tt0060827/,Drama,1
/title/tt0405159/,Drama,1
/title/tt0120815/,Drama,1
/title/tt0109759/,Drama,1
/title/tt1403865/,Drama,1
/title/tt0338013/,Drama,1
/title/tt6155172/,Drama,1
/title/tt0298228/,Drama,1
/title/tt0040724/,Drama,1
/title/tt0106332/,Drama,1
/title/tt1639426/,Drama,1
/title/tt0056869/,Drama,1
/title/tt0048473/,Drama,1
/title/tt0063522/,Drama,1
/title/tt0115678/,Drama,1
/title/tt0032551/,Drama,1
/title/tt0408236/,Drama,1
/title/tt0050976/,Drama,1
/title/tt0079944/,Drama,1
/title/tt0087884/,Drama,1
/title/tt0476735/,Drama,1
/title/tt0040522/,Drama,1
/title/tt1832382/,Drama,1
/title/tt0120255/,Drama,1
/title/tt0092593/,Drama,1
/title/tt0113862/,Drama,1
/title/tt0111161/,Drama,1
/title/tt0044706/,Drama,1
/title/tt0052561/,Drama,1
/title/tt0068327/,Drama,1
/title/tt0089606/,Drama,1
/title/tt0119174/,Drama,1
/title/tt0044081/,Drama,1
/title/tt0140888/,Drama,1
/title/tt0074958/,Drama,1
/title/tt0109830/,Drama,1
/title/tt0046816/,Drama,1
/title/tt0054997/,Drama,1
/title/tt0075148/,Drama,1
/title/tt0055031/,Drama,1
/title/tt0367110/,Drama,1
/title/tt0091480/,Drama,1
/title/tt1454029/,Drama,1
/title/tt0020629/,Drama,1
/title/tt0071315/,Drama,1
/title/tt0117509/,Drama,1
/title/tt0249462/,Drama,1
/title/tt0081505/,Drama,1
/title/tt0118884/,Drama,1
/title/tt0084503/,Drama,1
/title/tt0073486/,Drama,1
/title/tt0180093/,Drama,1
/title/tt0105265/,Drama,1
/title/tt0091605/,Drama,1
/title/tt0203230/,Drama,1
/title/tt0037558/,Drama,1
/title/tt0056217/,Drama,1
/title/tt0094006/,Drama,1
/title/tt0091251/,Drama,1
/title/tt0120176/,Drama,1
/title/tt1010048/,Drama,1
/title/tt0064665/,Drama,1
/title/tt0028950/,Drama,1
/title/tt0015648/,Drama,1
/title/tt0043338/,Drama,1
/title/tt2758880/,Drama,1
/title/tt0120663/,Drama,1
/title/tt0036868/,Drama,1
/title/tt0044008/,Drama,1
/title/tt0050613/,Drama,1
/title/tt3170832/,Drama,1
/title/tt0374546/,Drama,1
/title/tt0167404/,Drama,1
/title/tt0093058/,Drama,1
/title/tt0116477/,Drama,1
/title/tt0050825/,Drama,1
/title/tt0110367/,Drama,1
/title/tt0120802/,Drama,1
/title/tt0046438/,Drama,1
/title/tt0108394/,Drama,1
/title/tt1454468/,Drama,1
/title/tt0095953/,Drama,1
/title/tt0037884/,Drama,1
/title/tt0081534/,Drama,1
/title/tt0078788/,Drama,1
/title/tt0026138/,Drama,1
/title/tt0040725/,Drama,1
/title/tt0050783/,Drama,1
/title/tt1065073/,Drama,1
/title/tt0119217/,Drama,1
/title/tt10272386/,Drama,1
/title/tt0112682/,Drama,1
/title/tt0091763/,Drama,1
/title/tt0045274/,Drama,1
/title/tt0469494/,Drama,1
/title/tt0185125/,Drama,1
/title/tt2209418/,Drama,1
/title/tt0044741/,Drama,1
/title/tt0020530/,Short,1
/title/tt1280558/,Action,1
/title/tt0110413/,Action,1
/title/tt0091203/,Action,1
/title/tt0116629/,Action,1
/title/tt3748528/,Action,1
/title/tt5013056/,Action,1
/title/tt1291584/,Action,1
/title/tt0498380/,Action,1
/title/tt0108358/,Action,1
/title/tt0101458/,Action,1
/title/tt0065214/,Action,1
/title/tt0090605/,Action,1
/title/tt0121766/,Action,1
/title/tt0181689/,Action,1
/title/tt0167261/,Action,1
/title/tt0067116/,Action,1
/title/tt0499549/,Action,1
/title/tt0080684/,Action,1
/title/tt0113326/,Action,1
/title/tt0119654/,Action,1
/title/tt0848228/,Action,1
/title/tt0076759/,Action,1
/title/tt0104684/,Action,1
/title/tt0083658/,Action,1
/title/tt0434409/,Action,1
/title/tt1979320/,Action,1
/title/tt0029843/,Action,1
/title/tt1392190/,Action,1
/title/tt0117500/,Action,1
/title/tt0097499/,Action,1
/title/tt0468569/,Action,1
/title/tt0117438/,Action,1
/title/tt0113277/,Action,1
/title/tt0372784/,Action,1
/title/tt1856101/,Action,1
/title/tt0106977/,Action,1
/title/tt0042041/,Action,1
/title/tt0796366/,Action,1
/title/tt0381849/,Action,1
/title/tt0190332/,Action,1
/title/tt0378194/,Action,1
/title/tt0133093/,Action,1
/title/tt0099810/,Action,1
/title/tt1250777/,Action,1
/title/tt6148156/,Action,1
/title/tt0119229/,Action,1
/title/tt10872600/,Action,1
/title/tt0086190/,Action,1
/title/tt0115956/,Action,1
/title/tt0117731/,Action,1
/title/tt0015324/,Action,1
/title/tt0119094/,Action,1
/title/tt0105946/,Action,1
/title/tt1136608/,Action,1
/title/tt0047478/,Action,1
/title/tt0056058/,Action,1
/title/tt3076658/,Action,1
/title/tt0167260/,Action,1
/title/tt0266697/,Action,1
/title/tt0475276/,Action,1
/title/tt1139797/,Action,1
/title/tt0119116/,Action,1
/title/tt1220719/,Action,1
/title/tt0014429/,Action,1
/title/tt0109117/,Action,1
/title/tt1160419/,Action,1
/title/tt3315342/,Action,1
/title/tt0116908/,Action,1
/title/tt0055630/,Action,1
/title/tt0073707/,Action,1
/title/tt4154796/,Action,1
/title/tt0440963/,Action,1
/title/tt0061418/,Action,1
/title/tt1950186/,Action,1
/title/tt8579674/,Action,1
/title/tt2015381/,Action,1
/title/tt0172495/,Action,1
/title/tt0299977/,Action,1
/title/tt3501632/,Action,1
/title/tt2488496/,Action,1
/title/tt0097576/,Action,1
/title/tt1954470/,Action,1
/title/tt0109506/,Action,1
/title/tt0100263/,Action,1
/title/tt0462322/,Action,1
/title/tt0206634/,Action,1
/title/tt0325710/,Action,1
/title/tt0290334/,Action,1
/title/tt0068182/,Action,1
/title/tt0120737/,Action,1
/title/tt1555149/,Action,1
/title/tt0120188/,Action,1
/title/tt0242519/,Action,1
/title/tt1877832/,Action,1
/title/tt0017925/,Action,1
/title/tt0056443/,Action,1
/title/tt0089881/,Action,1
/title/tt0082971/,Action,1
/title/tt5074352/,Action,1
/title/tt0780504/,Action,1
/title/tt0364569/,Action,1
/title/tt4154756/,Action,1
/title/tt0425112/,Action,1
/title/tt0054047/,Action,1
/title/tt0058150/,Action,1
/title/tt0080455/,Action,1
/title/tt0097202/,Action,1
/title/tt0103064/,Action,1
/title/tt0107290/,Action,1
/title/tt1375666/,Action,1
/title/tt0095631/,Action,1
/title/tt0088247/,Action,1
/title/tt0325980/,Action,1
/title/tt0120735/,Action,1
/title/tt0058461/,Action,1
/title/tt0381061/,Action,1
/title/tt0095016/,Action,1
/title/tt1345836/,Action,1
/title/tt0338564/,Action,1
/title/tt0120789/,Comedy,1
/title/tt0114924/,Comedy,1
/title/tt0109445/,Comedy,1
/title/tt0097223/,Comedy,1
/title/tt0117128/,Comedy,1
/title/tt0107653/,Comedy,1
/title/tt0112697/,Comedy,1
/title/tt1187043/,Comedy,1
/title/tt0042546/,Comedy,1
/title/tt0080339/,Comedy,1
/title/tt0061722/,Comedy,1
/title/tt1022603/,Comedy,1
/title/tt8108198/,Comedy,1
/title/tt0088258/,Comedy,1
/title/tt0103905/,Comedy,1
/title/tt0114478/,Comedy,1
/title/tt0085334/,Comedy,1
/title/tt0117589/,Comedy,1
/title/tt0098258/,Comedy,1
/title/tt0340377/,Comedy,1
/title/tt7653254/,Comedy,1
/title/tt0045152/,Comedy,1
/title/tt0066026/,Comedy,1
/title/tt0031679/,Comedy,1
/title/tt0114787/,Comedy,1
/title/tt0071129/,Comedy,1
/title/tt0032553/,Comedy,1
/title/tt0099334/,Comedy,1
/title/tt0106308/,Comedy,1
/title/tt0021749/,Comedy,1
/title/tt0107616/,Comedy,1
/title/tt0374887/,Comedy,1
/title/tt0333766/,Comedy,1
/title/tt0092991/,Comedy,1
/title/tt0147612/,Comedy,1
/title/tt0045061/,Comedy,1
/title/tt0118843/,Comedy,1
/title/tt0097493/,Comedy,1
/title/tt0041546/,Comedy,1
/title/tt0073629/,Comedy,1
/title/tt0088847/,Comedy,1
/title/tt0112950/,Comedy,1
/title/tt0038650/,Comedy,1
/title/tt0100519/,Comedy,1
/title/tt0097123/,Comedy,1
/title/tt0126886/,Comedy,1
/title/tt0146882/,Comedy,1
/title/tt0091288/,Comedy,1
/title/tt0103873/,Comedy,1
/title/tt0109045/,Comedy,1
/title/tt0075686/,Comedy,1
/title/tt0112431/,Comedy,1
/title/tt0023969/,Comedy,1
/title/tt0070510/,Comedy,1
/title/tt0089886/,Comedy,1
/title/tt0120780/,Comedy,1
/title/tt0029947/,Comedy,1
/title/tt0100436/,Comedy,1
/title/tt0095159/,Comedy,1
/title/tt6751668/,Comedy,1
/title/tt0056923/,Comedy,1
/title/tt0129387/,Comedy,1
/title/tt0054698/,Comedy,1
/title/tt0046250/,Comedy,1
/title/tt0272338/,Comedy,1
/title/tt0063462/,Comedy,1
/title/tt0094336/,Comedy,1
/title/tt0119822/,Comedy,1
/title/tt0036613/,Comedy,1
/title/tt0053779/,Comedy,1
/title/tt0107048/,Comedy,1
/title/tt0162346/,Comedy,1
/title/tt0069704/,Comedy,1
/title/tt0086373/,Comedy,1
/title/tt0077975/,Comedy,1
/title/tt0120382/,Comedy,1
/title/tt2338151/,Comedy,1
/title/tt0111507/,Comedy,1
/title/tt0053604/,Comedy,1
/title/tt0117802/,Comedy,1
/title/tt0025878/,Comedy,1
/title/tt0032904/,Comedy,1
/title/tt0088794/,Comedy,1
/title/tt0090967/,Comedy,1
/title/tt0093822/,Comedy,1
/title/tt0118715/,Comedy,1
/title/tt0365748/,Comedy,1
/title/tt0032599/,Comedy,1
/title/tt0780536/,Comedy,1
/title/tt0375063/,Comedy,1
/title/tt0047437/,Comedy,1
/title/tt0115640/,Comedy,1
/title/tt0067185/,Comedy,1
/title/tt0012349/,Comedy,1
/title/tt0105488/,Comedy,1
/title/tt0119164/,Comedy,1
/title/tt0292490/,Comedy,1
/title/tt0467406/,Comedy,1
/title/tt0335266/,Comedy,1
/title/tt0072431/,Comedy,1
/title/tt0058331/,Comedy,1
/title/tt0091042/,Comedy,1
/title/tt0025316/,Comedy,1
/title/tt0035446/,Comedy,1
/title/tt0208092/,Comedy,1
/title/tt0117887/,Comedy,1
/title/tt0106677/,Comedy,1
/title/tt0103130/,Comedy,1
/title/tt0102536/,Comedy,1
/title/tt5027774/,Comedy,1
/title/tt0053291/,Comedy,1
/title/tt3783958/,Comedy,1
/title/tt0085859/,Comedy,1
/title/tt1655442/,Comedy,1
/title/tt0211915/,Comedy,1
/title/tt0139239/,Comedy,1
/title/tt0120601/,Comedy,1
/title/tt0114011/,Comedy,1
/title/tt0113749/,Comedy,1
/title/tt0108122/,Comedy,1
/title/tt0027977/,Comedy,1
/title/tt0080520/,Comedy,1
/title/tt0026778/,Comedy,1
/title/tt0057012/,Comedy,1
/title/tt0092610/,Comedy,1
/title/tt0105151/,Comedy,1
/title/tt0078841/,Comedy,1
/title/tt0116695/,Comedy,1
/title/tt0079470/,Comedy,1
/title/tt0101700/,Comedy,1
/title/tt0082269/,Comedy,1
/title/tt0118799/,Comedy,1
/title/tt0079522/,Comedy,1
/title/tt0070735/,Comedy,1
/title/tt0116191/,Comedy,1
/title/tt0046359/,Comedy,1
/title/tt0405508/,Comedy,1
/title/tt0138097/,Comedy,1
/title/tt0098635/,Comedy,1
/title/tt0071230/,Comedy,1
/title/tt0097165/,Comedy,1
/title/tt0078446/,Comedy,1
/title/tt0118842/,Comedy,1
/title/tt0268126/,Comedy,1
/title/tt0150662/,Comedy,1
/title/tt0449059/,Comedy,1
/title/tt3011894/,Comedy,1
/title/tt0067992/,Family,1
/title/tt0230600/,Horror,1
/title/tt0057129/,Horror,1
/title/tt0117571/,Horror,1
/title/tt0077402/,Horror,1
/title/tt0010323/,Horror,1
/title/tt0070047/,Horror,1
/title/tt0078748/,Horror,1
/title/tt0054215/,Horror,1
/title/tt0084787/,Horror,1
/title/tt0013442/,Fantasy,1
/title/tt0114746/,Mystery,1
/title/tt1130884/,Mystery,1
/title/tt1821480/,Mystery,1
/title/tt0209144/,Mystery,1
/title/tt0069281/,Mystery,1
/title/tt0030341/,Mystery,1
/title/tt0047396/,Mystery,1
/title/tt0052357/,Mystery,1
/title/tt0053221/,Western,1
/title/tt0059578/,Western,1
/title/tt0064116/,Western,1
/title/tt0052618/,Adventure,1
/title/tt0093779/,Adventure,1
/title/tt0049833/,Adventure,1
/title/tt0450259/,Adventure,1
/title/tt0057115/,Adventure,1
/title/tt0071411/,Adventure,1
/title/tt0903624/,Adventure,1
/title/tt0056172/,Adventure,1
/title/tt0190590/,Adventure,1
/title/tt0060196/,Adventure,1
/title/tt0043265/,Adventure,1
/title/tt0116409/,Adventure,1
/title/tt0073341/,Adventure,1
/title/tt1170358/,Adventure,1
/title/tt0049223/,Adventure,1
/title/tt0082432/,Adventure,1
/title/tt0031971/,Adventure,1
/title/tt0970179/,Adventure,1
/title/tt0034240/,Adventure,1
/title/tt0040897/,Adventure,1
/title/tt0361748/,Adventure,1
/title/tt0071853/,Adventure,1
/title/tt0054331/,Adventure,1
/title/tt0112817/,Adventure,1
/title/tt0050212/,Adventure,1
/title/tt0758758/,Adventure,1
/title/tt0112384/,Adventure,1
/title/tt0024216/,Adventure,1
/title/tt0181875/,Adventure,1
/title/tt0068473/,Adventure,1
/title/tt0086197/,Adventure,1
/title/tt0072684/,Adventure,1
/title/tt0083866/,Adventure,1
/title/tt0092005/,Adventure,1
/title/tt0120655/,Adventure,1
/title/tt0088763/,Adventure,1
/title/tt0053125/,Adventure,1
/title/tt0816692/,Adventure,1
/title/tt1201607/,Adventure,1
/title/tt0112302/,Adventure,1
/title/tt0038574/,Adventure,1
/title/tt0046268/,Adventure,1
/title/tt0062622/,Adventure,1
/title/tt0049730/,Adventure,1
/title/tt0065988/,Adventure,1
/title/tt0073195/,Adventure,1
/title/tt3659388/,Adventure,1
/title/tt0032138/,Adventure,1
/title/tt0015864/,Adventure,1
/title/tt0099348/,Adventure,1
/title/tt0095250/,Adventure,1
/title/tt0063442/,Adventure,1
/title/tt0319061/,Adventure,1
/title/tt2278388/,Adventure,1
/title/tt0454876/,Adventure,1
/title/tt0169858/,Animation,1
/title/tt0198781/,Animation,1
/title/tt5323662/,Animation,1
/title/tt0061852/,Animation,1
/title/tt0101414/,Animation,1
/title/tt2948356/,Animation,1
/title/tt0119698/,Animation,1
/title/tt0245429/,Animation,1
/title/tt0382932/,Animation,1
/title/tt0092106/,Animation,1
/title/tt0116583/,Animation,1
/title/tt0110357/,Animation,1
/title/tt0095327/,Animation,1
/title/tt0892769/,Animation,1
/title/tt0059026/,Animation,1
/title/tt0087544/,Animation,1
/title/tt0978762/,Animation,1
/title/tt0029583/,Animation,1
/title/tt0120587/,Animation,1
/title/tt0108598/,Animation,1
/title/tt0312004/,Animation,1
/title/tt0910970/,Animation,1
/title/tt0104361/,Animation,1
/title/tt0112691/,Animation,1
/title/tt0060345/,Animation,1
/title/tt0107688/,Animation,1
/title/tt0129167/,Animation,1
/title/tt1049413/,Animation,1
/title/tt0120623/,Animation,1
/title/tt0347149/,Animation,1
/title/tt5311514/,Animation,1
/title/tt2096673/,Animation,1
/title/tt0096283/,Animation,1
/title/tt2380307/,Animation,1
/title/tt0120630/,Animation,1
/title/tt0317705/,Animation,1
/title/tt0120363/,Animation,1
/title/tt0126029/,Animation,1
/title/tt0114709/,Animation,1
/title/tt4633694/,Animation,1
/title/tt4729430/,Animation,1
/title/tt0158983/,Animation,1
/title/tt0266543/,Animation,1
/title/tt0094625/,Animation,1
/title/tt0103639/,Animation,1
/title/tt2948372/,Animation,1
/title/tt0435761/,Animation,1
/title/tt0032455/,Animation,1
/title/tt0092067/,Animation,1
/title/tt1504320/,Biography,1
/title/tt0993846/,Biography,1
/title/tt0059742/,Biography,1
/title/tt0108101/,Biography,1
/title/tt0087553/,Biography,1
/title/tt0132477/,Biography,1
/title/tt0127536/,Biography,1
/title/tt0125664/,Biography,1
/title/tt0112573/,Biography,1
/title/tt0264464/,Biography,1
/title/tt0083987/,Biography,1
/title/tt0080678/,Biography,1
/title/tt0824747/,Biography,1
/title/tt0097937/,Biography,1
/title/tt0099077/,Biography,1
/title/tt0086879/,Biography,1
/title/tt0070511/,Biography,1
/title/tt0395169/,Biography,1
/title/tt0063227/,Biography,1
/title/tt0109707/,Biography,1
/title/tt0363163/,Biography,1
/title/tt0140352/,Biography,1
/title/tt0765429/,Biography,1
/title/tt0060107/,Biography,1
/title/tt0358273/,Biography,1
/title/tt0060665/,Biography,1
/title/tt0053946/,Biography,1
/title/tt1028532/,Biography,1
/title/tt0171804/,Biography,1
/title/tt0369702/,Biography,1
/title/tt0108052/,Biography,1
/title/tt0166896/,Biography,1
/title/tt0110877/,Biography,1
/title/tt0081398/,Biography,1
/title/tt0093389/,Biography,1
/title/tt0352248/,Biography,1
/title/tt0099685/,Biography,1
/title/tt0061809/,Biography,1
/title/tt0110005/,Biography,1
/title/tt0066206/,Biography,1
/title/tt1302006/,Biography,1
/title/tt0117318/,Biography,1
/title/tt2119532/,Biography,1
/title/tt1727824/,Biography,1
/title/tt0119008/,Biography,1
/title/tt1285016/,Biography,1
/title/tt0097441/,Biography,1
/title/tt1675434/,Biography,1
/title/tt0107207/,Biography,1
/title/tt0253474/,Biography,1
/title/tt1895587/,Biography,1
/title/tt2024544/,Biography,1
/title/tt0401383/,Biography,1
/title/tt0268978/,Biography,1
/title/tt1013753/,Biography,1
/title/tt0074896/,Biography,1
/title/tt2084970/,Biography,1
/title/tt0108065/,Biography,1
/title/tt8503618/,Biography,1
/title/tt0308644/,Biography,1
/title/tt0019254/,Biography,1
/title/tt0120684/,Biography,1
/title/tt0064115/,Biography,1
/title/tt0072890/,Biography,1
/title/tt6966692/,Biography,1
/title/tt1024648/,Biography,1
/title/tt10280296/,Biography,1
/title/tt0117631/,Biography,1
/title/tt0036342/,Film-Noir,1
/title/tt0041959/,Film-Noir,1
/title/tt0085809/,Documentary,1
/title/tt0092593/,War,2
/title/tt0091763/,War,2
/title/tt2991224/,War,2
/title/tt0077416/,War,2
/title/tt0028950/,War,2
/title/tt0082096/,War,2
/title/tt0093058/,War,2
/title/tt0058946/,War,2
/title/tt0020629/,War,2
/title/tt0057012/,War,2
/title/tt0055031/,War,2
/title/tt0050825/,War,2
/title/tt0120815/,War,2
/title/tt0046816/,War,2
/title/tt0093822/,Crime,2
/title/tt0067116/,Crime,2
/title/tt0097493/,Crime,2
/title/tt8108198/,Crime,2
/title/tt0090967/,Crime,2
/title/tt0097223/,Crime,2
/title/tt1345836/,Crime,2
/title/tt0378194/,Crime,2
/title/tt0113277/,Crime,2
/title/tt0041546/,Crime,2
/title/tt0338564/,Crime,2
/title/tt0118843/,Crime,2
/title/tt0139239/,Crime,2
/title/tt0120780/,Crime,2
/title/tt0070510/,Crime,2
/title/tt0099685/,Crime,2
/title/tt0106977/,Crime,2
/title/tt0086373/,Crime,2
/title/tt0105151/,Crime,2
/title/tt0266697/,Crime,2
/title/tt0036613/,Crime,2
/title/tt0119008/,Crime,2
/title/tt0080520/,Crime,2
/title/tt0042041/,Crime,2
/title/tt0381849/,Crime,2
/title/tt0064115/,Crime,2
/title/tt10280296/,Crime,2
/title/tt0070735/,Crime,2
/title/tt0110413/,Crime,2
/title/tt0118715/,Crime,2
/title/tt1280558/,Crime,2
/title/tt0072890/,Crime,2
/title/tt0468569/,Crime,2
/title/tt0104684/,Crime,2
/title/tt0107207/,Crime,2
/title/tt0372784/,Crime,2
/title/tt1555149/,Crime,2
/title/tt0097202/,Crime,2
/title/tt0101700/,Crime,2
/title/tt1139797/,Crime,2
/title/tt0103905/,Crime,2
/title/tt0171804/,Crime,2
/title/tt0208092/,Crime,2
/title/tt5027774/,Crime,2
/title/tt0117438/,Crime,2
/title/tt0116908/,Crime,2
/title/tt0082269/,Crime,2
/title/tt0070511/,Crime,2
/title/tt0824747/,Crime,2
/title/tt1302006/,Crime,2
/title/tt1895587/,Crime,2
/title/tt6148156/,Crime,2
/title/tt0110005/,Crime,2
/title/tt0765429/,Crime,2
/title/tt0181689/,Crime,2
/title/tt0780536/,Crime,2
/title/tt0264464/,Crime,2
/title/tt0405508/,Crime,2
/title/tt0095159/,Crime,2
/title/tt0061809/,Crime,2
/title/tt0119094/,Crime,2
/title/tt0401383/,Drama,2
/title/tt0107616/,Drama,2
/title/tt1291584/,Drama,2
/title/tt2338151/,Drama,2
/title/tt3315342/,Drama,2
/title/tt0055630/,Drama,2
/title/tt0063227/,Drama,2
/title/tt0094226/,Drama,2
/title/tt0257044/,Drama,2
/title/tt0059742/,Drama,2
/title/tt6751668/,Drama,2
/title/tt1022603/,Drama,2
/title/tt0116231/,Drama,2
/title/tt0206634/,Drama,2
/title/tt0114558/,Drama,2
/title/tt0150662/,Drama,2
/title/tt1856101/,Drama,2
/title/tt0353969/,Drama,2
/title/tt0361748/,Drama,2
/title/tt0068473/,Drama,2
/title/tt0407887/,Drama,2
/title/tt0098258/,Drama,2
/title/tt0043265/,Drama,2
/title/tt1392214/,Drama,2
/title/tt0065234/,Drama,2
/title/tt5323662/,Drama,2
/title/tt0082432/,Drama,2
/title/tt8579674/,Drama,2
/title/tt1024648/,Drama,2
/title/tt5311514/,Drama,2
/title/tt0053779/,Drama,2
/title/tt0166896/,Drama,2
/title/tt0114814/,Drama,2
/title/tt0038574/,Drama,2
/title/tt0292490/,Drama,2
/title/tt3011894/,Drama,2
/title/tt0140352/,Drama,2
/title/tt0102926/,Drama,2
/title/tt0091288/,Drama,2
/title/tt0056443/,Drama,2
/title/tt0047478/,Drama,2
/title/tt15097216/,Drama,2
/title/tt0032553/,Drama,2
/title/tt0045061/,Drama,2
/title/tt0092005/,Drama,2
/title/tt2119532/,Drama,2
/title/tt0108065/,Drama,2
/title/tt0168629/,Drama,2
/title/tt0147612/,Drama,2
/title/tt0268126/,Drama,2
/title/tt0051201/,Drama,2
/title/tt4857264/,Drama,2
/title/tt0111507/,Drama,2
/title/tt0475276/,Drama,2
/title/tt0089881/,Drama,2
/title/tt0120684/,Drama,2
/title/tt0086879/,Drama,2
/title/tt0243133/,Drama,2
/title/tt0099348/,Drama,2
/title/tt0053946/,Drama,2
/title/tt0061512/,Drama,2
/title/tt0080678/,Drama,2
/title/tt0038650/,Drama,2
/title/tt0816692/,Drama,2
/title/tt0115956/,Drama,2
/title/tt0454876/,Drama,2
/title/tt0325710/,Drama,2
/title/tt0040746/,Drama,2
/title/tt0101507/,Drama,2
/title/tt0053198/,Drama,2
/title/tt0060665/,Drama,2
/title/tt0119822/,Drama,2
/title/tt0117589/,Drama,2
/title/tt0117318/,Drama,2
/title/tt0054698/,Drama,2
/title/tt0100150/,Drama,2
/title/tt0108122/,Drama,2
/title/tt3659388/,Drama,2
/title/tt8503618/,Drama,2
/title/tt0970179/,Drama,2
/title/tt0117128/,Drama,2
/title/tt0162346/,Drama,2
/title/tt0105488/,Drama,2
/title/tt0116583/,Drama,2
/title/tt0050083/,Drama,2
/title/tt0046268/,Drama,2
/title/tt0138097/,Drama,2
/title/tt0112817/,Drama,2
/title/tt0268978/,Drama,2
/title/tt0335266/,Drama,2
/title/tt0044079/,Drama,2
/title/tt2084970/,Drama,2
/title/tt0116409/,Drama,2
/title/tt0019254/,Drama,2
/title/tt2024544/,Drama,2
/title/tt0118799/,Drama,2
/title/tt0100519/,Drama,2
/title/tt0058461/,Drama,2
/title/tt0031971/,Drama,2
/title/tt0105236/,Drama,2
/title/tt0110912/,Drama,2
/title/tt0117665/,Drama,2
/title/tt0032599/,Drama,2
/title/tt0071129/,Drama,2
/title/tt0052311/,Drama,2
/title/tt0083987/,Drama,2
/title/tt0112950/,Drama,2
/title/tt0120324/,Drama,2
/title/tt0116695/,Drama,2
/title/tt0112384/,Drama,2
/title/tt0127536/,Drama,2
/title/tt0434409/,Drama,2
/title/tt0340377/,Drama,2
/title/tt0327056/,Drama,2
/title/tt0036775/,Drama,2
/title/tt7286456/,Drama,2
/title/tt1504320/,Drama,2
/title/tt0050212/,Drama,2
/title/tt0308644/,Drama,2
/title/tt0095327/,Drama,2
/title/tt0060107/,Drama,2
/title/tt0083658/,Drama,2
/title/tt0395169/,Drama,2
/title/tt0056058/,Drama,2
/title/tt0040897/,Drama,2
/title/tt7653254/,Drama,2
/title/tt0046359/,Drama,2
/title/tt0319061/,Drama,2
/title/tt0101458/,Drama,2
/title/tt0132477/,Drama,2
/title/tt0780504/,Drama,2
/title/tt0098635/,Drama,2
/title/tt0049730/,Drama,2
/title/tt0061811/,Drama,2
/title/tt0079522/,Drama,2
/title/tt0119164/,Drama,2
/title/tt0049833/,Drama,2
/title/tt0097937/,Drama,2
/title/tt0112573/,Drama,2
/title/tt0093389/,Drama,2
/title/tt0112818/,Drama,2
/title/tt1013753/,Drama,2
/title/tt1028532/,Drama,2
/title/tt0085859/,Drama,2
/title/tt0053604/,Drama,2
/title/tt0364569/,Drama,2
/title/tt0117913/,Drama,2
/title/tt0449059/,Drama,2
/title/tt0317248/,Drama,2
/title/tt0086979/,Drama,2
/title/tt0181865/,Drama,2
/title/tt0107048/,Drama,2
/title/tt0088847/,Drama,2
/title/tt0097165/,Drama,2
/title/tt0119488/,Drama,2
/title/tt0066026/,Drama,2
/title/tt0333766/,Drama,2
/title/tt0116191/,Drama,2
/title/tt0102536/,Drama,2
/title/tt7060344/,Drama,2
/title/tt0108052/,Drama,2
/title/tt0061722/,Drama,2
/title/tt0369702/,Drama,2
/title/tt0107653/,Drama,2
/title/tt0048021/,Drama,2
/title/tt0056592/,Drama,2
/title/tt0363163/,Drama,2
/title/tt0118842/,Drama,2
/title/tt0031679/,Drama,2
/title/tt0113247/,Drama,2
/title/tt0375679/,Drama,2
/title/tt0099334/,Drama,2
/title/tt0120789/,Drama,2
/title/tt0375063/,Drama,2
/title/tt0276919/,Drama,2
/title/tt0108101/,Drama,2
/title/tt0097441/,Drama,2
/title/tt0095250/,Drama,2
/title/tt0108399/,Drama,2
/title/tt0090756/,Drama,2
/title/tt0027977/,Drama,2
/title/tt0099077/,Drama,2
/title/tt0374887/,Drama,2
/title/tt0075314/,Drama,2
/title/tt0112641/,Drama,2
/title/tt0450259/,Drama,2
/title/tt3783958/,Drama,2
/title/tt0112431/,Drama,2
/title/tt0315733/,Drama,2
/title/tt0100436/,Drama,2
/title/tt0048424/,Drama,2
/title/tt0114478/,Drama,2
/title/tt3417422/,Drama,2
/title/tt0146882/,Drama,2
/title/tt0114369/,Drama,2
/title/tt0094336/,Drama,2
/title/tt0074896/,Drama,2
/title/tt4430212/,Drama,2
/title/tt0049406/,Drama,2
/title/tt0114787/,Drama,2
/title/tt0047437/,Drama,2
/title/tt0253474/,Drama,2
/title/tt0042546/,Drama,2
/title/tt0110729/,Drama,2
/title/tt1655442/,Drama,2
/title/tt0117631/,Drama,2
/title/tt0130827/,Drama,2
/title/tt0078841/,Drama,2
/title/tt0352248/,Drama,2
/title/tt0052618/,Drama,2
/title/tt0120382/,Drama,2
/title/tt0477348/,Drama,2
/title/tt0066206/,Drama,2
/title/tt0114011/,Drama,2
/title/tt5013056/,Drama,2
/title/tt0120689/,Drama,2
/title/tt1727824/,Drama,2
/title/tt1187043/,Drama,2
/title/tt0021749/,Drama,2
/title/tt0272338/,Drama,2
/title/tt0103130/,Drama,2
/title/tt0086250/,Drama,2
/title/tt0087843/,Drama,2
/title/tt0072684/,Drama,2
/title/tt0115640/,Drama,2
/title/tt0057115/,Drama,2
/title/tt0467406/,Drama,2
/title/tt0067185/,Drama,2
/title/tt0097123/,Drama,2
/title/tt0055614/,Drama,2
/title/tt0047296/,Drama,2
/title/tt0117802/,Drama,2
/title/tt0087553/,Drama,2
/title/tt0358273/,Drama,2
/title/tt0062229/,Drama,2
/title/tt0042876/,Drama,2
/title/tt0117887/,Drama,2
/title/tt0114924/,Drama,2
/title/tt1285016/,Drama,2
/title/tt3076658/,Drama,2
/title/tt0069704/,Drama,2
/title/tt0012349/,Drama,2
/title/tt0120601/,Drama,2
/title/tt0071562/,Drama,2
/title/tt0046911/,Drama,2
/title/tt0081398/,Drama,2
/title/tt0039689/,Drama,2
/title/tt0068646/,Drama,2
/title/tt0057565/,Drama,2
/title/tt0078446/,Music,2
/title/tt0040725/,Music,2
/title/tt0063462/,Music,2
/title/tt0113862/,Music,2
/title/tt0068327/,Music,2
/title/tt0120802/,Music,2
/title/tt0026778/,Music,2
/title/tt0249462/,Music,2
/title/tt0077711/,Music,2
/title/tt0053291/,Music,2
/title/tt0088258/,Music,2
/title/tt0108394/,Music,2
/title/tt0109045/,Music,2
/title/tt0085809/,Music,2
/title/tt2582802/,Music,2
/title/tt1069238/,Music,2
/title/tt0104361/,Short,2
/title/tt0108598/,Short,2
/title/tt0112691/,Short,2
/title/tt0075148/,Sport,2
/title/tt1125849/,Sport,2
/title/tt0054997/,Sport,2
/title/tt0405159/,Sport,2
/title/tt0169858/,Action,2
/title/tt0119698/,Action,2
/title/tt4633694/,Action,2
/title/tt0094625/,Action,2
/title/tt0129167/,Action,2
/title/tt0317705/,Action,2
/title/tt0092106/,Action,2
/title/tt0892769/,Action,2
/title/tt0112302/,Comedy,2
/title/tt6966692/,Comedy,2
/title/tt0065988/,Comedy,2
/title/tt1954470/,Comedy,2
/title/tt0089606/,Comedy,2
/title/tt0071853/,Comedy,2
/title/tt0110877/,Comedy,2
/title/tt0095631/,Comedy,2
/title/tt0181875/,Comedy,2
/title/tt0113326/,Comedy,2
/title/tt0190590/,Comedy,2
/title/tt0096283/,Comedy,2
/title/tt0993846/,Comedy,2
/title/tt0088763/,Comedy,2
/title/tt0014429/,Comedy,2
/title/tt0059026/,Comedy,2
/title/tt1675434/,Comedy,2
/title/tt0034240/,Comedy,2
/title/tt0978762/,Comedy,2
/title/tt0060345/,Comedy,2
/title/tt0125664/,Comedy,2
/title/tt2278388/,Comedy,2
/title/tt0015864/,Comedy,2
/title/tt0158983/,Comedy,2
/title/tt0120735/,Comedy,2
/title/tt0119229/,Comedy,2
/title/tt0425112/,Comedy,2
/title/tt1250777/,Comedy,2
/title/tt0109117/,Comedy,2
/title/tt0242519/,Comedy,2
/title/tt0015324/,Comedy,2
/title/tt0109707/,Comedy,2
/title/tt0120655/,Comedy,2
/title/tt0107688/,Family,2
/title/tt0083866/,Family,2
/title/tt0986264/,Family,2
/title/tt0118849/,Family,2
/title/tt0110367/,Family,2
/title/tt0032138/,Family,2
/title/tt0044008/,Family,2
/title/tt0298228/,Family,2
/title/tt0058331/,Family,2
/title/tt0085334/,Family,2
/title/tt0097351/,Family,2
/title/tt0058385/,Family,2
/title/tt0871510/,Family,2
/title/tt0101414/,Family,2
/title/tt0476735/,Family,2
/title/tt0032455/,Family,2
/title/tt0093779/,Family,2
/title/tt0081505/,Horror,2
/title/tt0026138/,Horror,2
/title/tt0365748/,Horror,2
/title/tt0056869/,Horror,2
/title/tt0024216/,Horror,2
/title/tt0073629/,Horror,2
/title/tt0092610/,Horror,2
/title/tt0462322/,Horror,2
/title/tt0021884/,Horror,2
/title/tt0092991/,Horror,2
/title/tt0013442/,Horror,2
/title/tt0106308/,Horror,2
/title/tt0408236/,Horror,2
/title/tt0063522/,Horror,2
/title/tt0043456/,Sci-Fi,2
/title/tt0066921/,Sci-Fi,2
/title/tt0290334/,Sci-Fi,2
/title/tt0078748/,Sci-Fi,2
/title/tt0079944/,Sci-Fi,2
/title/tt0063442/,Sci-Fi,2
/title/tt0049223/,Sci-Fi,2
/title/tt0119177/,Sci-Fi,2
/title/tt0017136/,Sci-Fi,2
/title/tt0088846/,Sci-Fi,2
/title/tt2543164/,Sci-Fi,2
/title/tt0103064/,Sci-Fi,2
/title/tt0075860/,Sci-Fi,2
/title/tt0133093/,Sci-Fi,2
/title/tt0062622/,Sci-Fi,2
/title/tt1454468/,Sci-Fi,2
/title/tt0114746/,Sci-Fi,2
/title/tt0088247/,Sci-Fi,2
/title/tt1136608/,Sci-Fi,2
/title/tt1170358/,Fantasy,2
/title/tt0038348/,Fantasy,2
/title/tt0103873/,Fantasy,2
/title/tt0081534/,Fantasy,2
/title/tt0112682/,Fantasy,2
/title/tt0093191/,Fantasy,2
/title/tt0457430/,Fantasy,2
/title/tt0421715/,Fantasy,2
/title/tt0903624/,Fantasy,2
/title/tt0020530/,Fantasy,2
/title/tt0101765/,Fantasy,2
/title/tt1201607/,Fantasy,2
/title/tt0050976/,Fantasy,2
/title/tt0084503/,Fantasy,2
/title/tt0109506/,Fantasy,2
/title/tt0067992/,Fantasy,2
/title/tt0117333/,Fantasy,2
/title/tt0074119/,History,2
/title/tt0031381/,History,2
/title/tt0101640/,History,2
/title/tt0106332/,History,2
/title/tt0091605/,History,2
/title/tt0102138/,History,2
/title/tt0015648/,History,2
/title/tt0050613/,History,2
/title/tt0073341/,History,2
/title/tt0169102/,Musical,2
/title/tt0203009/,Musical,2
/title/tt0367110/,Musical,2
/title/tt0045152/,Musical,2
/title/tt0066763/,Musical,2
/title/tt0023969/,Musical,2
/title/tt0069293/,Mystery,2
/title/tt0084787/,Mystery,2
/title/tt0054215/,Mystery,2
/title/tt0482571/,Mystery,2
/title/tt0166924/,Mystery,2
/title/tt0022100/,Mystery,2
/title/tt2267998/,Mystery,2
/title/tt0120176/,Mystery,2
/title/tt0246578/,Mystery,2
/title/tt0010323/,Mystery,2
/title/tt10272386/,Mystery,2
/title/tt0052561/,Mystery,2
/title/tt0071360/,Mystery,2
/title/tt0120663/,Mystery,2
/title/tt0026029/,Mystery,2
/title/tt0167404/,Mystery,2
/title/tt1305806/,Mystery,2
/title/tt0116905/,Mystery,2
/title/tt0056923/,Mystery,2
/title/tt0041959/,Mystery,2
/title/tt0230600/,Mystery,2
/title/tt0287467/,Mystery,2
/title/tt1255953/,Mystery,2
/title/tt0078788/,Mystery,2
/title/tt0440963/,Mystery,2
/title/tt0119174/,Mystery,2
/title/tt0025878/,Mystery,2
/title/tt0118884/,Mystery,2
/title/tt0783233/,Mystery,2
/title/tt0117571/,Mystery,2
/title/tt0071315/,Mystery,2
/title/tt0053125/,Mystery,2
/title/tt0111495/,Mystery,2
/title/tt0405094/,Mystery,2
/title/tt0033467/,Mystery,2
/title/tt0037558/,Romance,2
/title/tt4016934/,Romance,2
/title/tt0052357/,Romance,2
/title/tt0032904/,Romance,2
/title/tt0113749/,Romance,2
/title/tt0109830/,Romance,2
/title/tt0034583/,Romance,2
/title/tt0025316/,Romance,2
/title/tt0120338/,Romance,2
/title/tt0381681/,Romance,2
/title/tt0094006/,Romance,2
/title/tt0110889/,Romance,2
/title/tt0112697/,Romance,2
/title/tt0046250/,Romance,2
/title/tt0107943/,Romance,2
/title/tt0050986/,Romance,2
/title/tt0090329/,Romance,2
/title/tt0059113/,Romance,2
/title/tt1010048/,Romance,2
/title/tt0091867/,Romance,2
/title/tt0035446/,Romance,2
/title/tt0119217/,Romance,2
/title/tt0112471/,Romance,2
/title/tt0129387/,Romance,2
/title/tt0118694/,Romance,2
/title/tt0113627/,Romance,2
/title/tt0018455/,Romance,2
/title/tt0088794/,Romance,2
/title/tt0126886/,Romance,2
/title/tt0075686/,Romance,2
/title/tt0115678/,Romance,2
/title/tt0095765/,Romance,2
/title/tt0036868/,Romance,2
/title/tt0045793/,Romance,2
/title/tt0094947/,Romance,2
/title/tt0116209/,Romance,2
/title/tt1659337/,Romance,2
/title/tt2209418/,Romance,2
/title/tt0117509/,Romance,2
/title/tt0089886/,Romance,2
/title/tt0374546/,Romance,2
/title/tt0096332/,Romance,2
/title/tt0114388/,Romance,2
/title/tt0037674/,Romance,2
/title/tt0211915/,Romance,2
/title/tt0338013/,Romance,2
/title/tt8613070/,Romance,2
/title/tt0105695/,Western,2
/title/tt1403865/,Western,2
/title/tt0071230/,Western,2
/title/tt0040724/,Western,2
/title/tt0036244/,Western,2
/title/tt0056217/,Western,2
/title/tt0060196/,Western,2
/title/tt1853728/,Western,2
/title/tt0073195/,Thriller,2
/title/tt0036342/,Thriller,2
/title/tt0044706/,Thriller,2
/title/tt0947798/,Thriller,2
/title/tt0115736/,Thriller,2
/title/tt1130884/,Thriller,2
/title/tt0069281/,Thriller,2
/title/tt0401792/,Thriller,2
/title/tt0077402/,Thriller,2
/title/tt0030341/,Thriller,2
/title/tt0060827/,Thriller,2
/title/tt0046912/,Thriller,2
/title/tt0104257/,Thriller,2
/title/tt3170832/,Thriller,2
/title/tt1821480/,Thriller,2
/title/tt0116282/,Thriller,2
/title/tt0209144/,Thriller,2
/title/tt0056218/,Thriller,2
/title/tt0091251/,Thriller,2
/title/tt0047396/,Thriller,2
/title/tt0245712/,Thriller,2
/title/tt0100263/,Thriller,2
/title/tt0111149/,Thriller,2
/title/tt0095016/,Thriller,2
/title/tt0120587/,Adventure,2
/title/tt0499549/,Adventure,2
/title/tt0119654/,Adventure,2
/title/tt0910970/,Adventure,2
/title/tt0121766/,Adventure,2
/title/tt0382932/,Adventure,2
/title/tt0796366/,Adventure,2
/title/tt0190332/,Adventure,2
/title/tt0061852/,Adventure,2
/title/tt0097576/,Adventure,2
/title/tt0086190/,Adventure,2
/title/tt0054047/,Adventure,2
/title/tt0103639/,Adventure,2
/title/tt0312004/,Adventure,2
/title/tt0198781/,Adventure,2
/title/tt0848228/,Adventure,2
/title/tt0090605/,Adventure,2
/title/tt0114709/,Adventure,2
/title/tt0073707/,Adventure,2
/title/tt0119116/,Adventure,2
/title/tt0065214/,Adventure,2
/title/tt2015381/,Adventure,2
/title/tt0029583/,Adventure,2
/title/tt0381061/,Adventure,2
/title/tt1392190/,Adventure,2
/title/tt1877832/,Adventure,2
/title/tt0120737/,Adventure,2
/title/tt0116629/,Adventure,2
/title/tt0120623/,Adventure,2
/title/tt1375666/,Adventure,2
/title/tt0092067/,Adventure,2
/title/tt2948356/,Adventure,2
/title/tt2488496/,Adventure,2
/title/tt0082971/,Adventure,2
/title/tt0120188/,Adventure,2
/title/tt4729430/,Adventure,2
/title/tt0120630/,Adventure,2
/title/tt0087544/,Adventure,2
/title/tt0120363/,Adventure,2
/title/tt4154756/,Adventure,2
/title/tt0299977/,Adventure,2
/title/tt0058150/,Adventure,2
/title/tt0245429/,Adventure,2
/title/tt0076759/,Adventure,2
/title/tt0080455/,Adventure,2
/title/tt4154796/,Adventure,2
/title/tt0266543/,Adventure,2
/title/tt0117731/,Adventure,2
/title/tt2380307/,Adventure,2
/title/tt0167260/,Adventure,2
/title/tt0325980/,Adventure,2
/title/tt1049413/,Adventure,2
/title/tt10872600/,Adventure,2
/title/tt0117500/,Adventure,2
/title/tt0435761/,Adventure,2
/title/tt0498380/,Adventure,2
/title/tt0107290/,Adventure,2
/title/tt0091203/,Adventure,2
/title/tt3501632/,Adventure,2
/title/tt3748528/,Adventure,2
/title/tt0029843/,Adventure,2
/title/tt0017925/,Adventure,2
/title/tt2948372/,Adventure,2
/title/tt0167261/,Adventure,2
/title/tt0110357/,Adventure,2
/title/tt0080684/,Adventure,2
/title/tt0126029/,Adventure,2
/title/tt0099810/,Adventure,2
/title/tt0105946/,Adventure,2
/title/tt0172495/,Adventure,2
/title/tt1160419/,Adventure,2
/title/tt0347149/,Adventure,2
/title/tt0068182/,Adventure,2
/title/tt2096673/,Adventure,2
/title/tt0056172/,Biography,2
/title/tt5074352/,Biography,2
/title/tt1979320/,Biography,2
/title/tt0071411/,Biography,2
/title/tt0097499/,Biography,2
/title/tt0108358/,Biography,2
/title/tt1220719/,Biography,2
/title/tt0054331/,Biography,2
/title/tt1950186/,Biography,2
/title/tt0758758/,Biography,2
/title/tt0061418/,Biography,2
/title/tt0086197/,Biography,2
/title/tt0038787/,Film-Noir,2
/title/tt0032976/,Film-Noir,2
/title/tt0051036/,Film-Noir,2
/title/tt0033870/,Film-Noir,2
/title/tt0043014/,Film-Noir,2
/title/tt0037008/,Film-Noir,2
/title/tt0038355/,Film-Noir,2
/title/tt0037884/,Film-Noir,2
/title/tt0043338/,Film-Noir,2
/title/tt0091251/,War,3
/title/tt0046359/,War,3
/title/tt0457430/,War,3
/title/tt0045793/,War,3
/title/tt0050212/,War,3
/title/tt0059113/,War,3
/title/tt0032553/,War,3
/title/tt0078788/,War,3
/title/tt0116209/,War,3
/title/tt0089881/,War,3
/title/tt0361748/,War,3
/title/tt0036868/,War,3
/title/tt0095327/,War,3
/title/tt0066206/,War,3
/title/tt0034583/,War,3
/title/tt8579674/,War,3
/title/tt1255953/,War,3
/title/tt0073341/,War,3
/title/tt0035446/,War,3
/title/tt0066026/,War,3
/title/tt2278388/,Crime,3
/title/tt0061418/,Crime,3
/title/tt0190590/,Crime,3
/title/tt0119229/,Crime,3
/title/tt0242519/,Crime,3
/title/tt0113326/,Crime,3
/title/tt0993846/,Crime,3
/title/tt0095631/,Crime,3
/title/tt1954470/,Crime,3
/title/tt0120735/,Crime,3
/title/tt1250777/,Crime,3
/title/tt0110877/,Drama,3
/title/tt0181875/,Drama,3
/title/tt6148156/,Drama,3
/title/tt0103905/,Drama,3
/title/tt0094625/,Drama,3
/title/tt0070511/,Drama,3
/title/tt0120737/,Drama,3
/title/tt4154796/,Drama,3
/title/tt0190332/,Drama,3
/title/tt0108358/,Drama,3
/title/tt0097223/,Drama,3
/title/tt0105151/,Drama,3
/title/tt0099685/,Drama,3
/title/tt0381849/,Drama,3
/title/tt0120780/,Drama,3
/title/tt0056172/,Drama,3
/title/tt0824747/,Drama,3
/title/tt0042041/,Drama,3
/title/tt0065988/,Drama,3
/title/tt0167261/,Drama,3
/title/tt0054331/,Drama,3
/title/tt1302006/,Drama,3
/title/tt1895587/,Drama,3
/title/tt0064115/,Drama,3
/title/tt0109707/,Drama,3
/title/tt0070510/,Drama,3
/title/tt1979320/,Drama,3
/title/tt0061809/,Drama,3
/title/tt5074352/,Drama,3
/title/tt0498380/,Drama,3
/title/tt0169858/,Drama,3
/title/tt0167260/,Drama,3
/title/tt0116908/,Drama,3
/title/tt0125664/,Drama,3
/title/tt5027774/,Drama,3
/title/tt0112302/,Drama,3
/title/tt0110357/,Drama,3
/title/tt0071411/,Drama,3
/title/tt0780536/,Drama,3
/title/tt1280558/,Drama,3
/title/tt0105946/,Drama,3
/title/tt6966692/,Drama,3
/title/tt0338564/,Drama,3
/title/tt0405508/,Drama,3
/title/tt0110413/,Drama,3
/title/tt1139797/,Drama,3
/title/tt1950186/,Drama,3
/title/tt10280296/,Drama,3
/title/tt0765429/,Drama,3
/title/tt0372784/,Drama,3
/title/tt0097499/,Drama,3
/title/tt0097202/,Drama,3
/title/tt0119008/,Drama,3
/title/tt0171804/,Drama,3
/title/tt0978762/,Drama,3
/title/tt0072890/,Drama,3
/title/tt1345836/,Drama,3
/title/tt0264464/,Drama,3
/title/tt0120655/,Drama,3
/title/tt0067116/,Drama,3
/title/tt0090967/,Drama,3
/title/tt1220719/,Drama,3
/title/tt0172495/,Drama,3
/title/tt1160419/,Drama,3
/title/tt0113277/,Drama,3
/title/tt0110005/,Drama,3
/title/tt0070735/,Drama,3
/title/tt0468569/,Drama,3
/title/tt0106977/,Drama,3
/title/tt0086197/,Drama,3
/title/tt0107207/,Drama,3
/title/tt0034240/,Drama,3
/title/tt0758758/,Drama,3
/title/tt0117731/,Drama,3
/title/tt0015864/,Drama,3
/title/tt0059026/,Drama,3
/title/tt1555149/,Drama,3
/title/tt1675434/,Drama,3
/title/tt0266697/,Drama,3
/title/tt0299977/,Drama,3
/title/tt0101765/,Music,3
/title/tt0358273/,Music,3
/title/tt0084503/,Music,3
/title/tt0117887/,Music,3
/title/tt0112950/,Music,3
/title/tt8108198/,Music,3
/title/tt0106332/,Music,3
/title/tt0253474/,Music,3
/title/tt0082269/,Music,3
/title/tt0100436/,Music,3
/title/tt3783958/,Music,3
/title/tt0117631/,Music,3
/title/tt0086879/,Music,3
/title/tt0105488/,Music,3
/title/tt1727824/,Music,3
/title/tt0146882/,Music,3
/title/tt0169102/,Sport,3
/title/tt0871510/,Sport,3
/title/tt0095250/,Sport,3
/title/tt0118715/,Sport,3
/title/tt0108065/,Sport,3
/title/tt0081398/,Sport,3
/title/tt1291584/,Sport,3
/title/tt0118849/,Sport,3
/title/tt3076658/,Sport,3
/title/tt0120630/,Comedy,3
/title/tt0435761/,Comedy,3
/title/tt3501632/,Comedy,3
/title/tt0114709/,Comedy,3
/title/tt0061852/,Comedy,3
/title/tt0108598/,Comedy,3
/title/tt0119654/,Comedy,3
/title/tt0080455/,Comedy,3
/title/tt2380307/,Comedy,3
/title/tt0120188/,Comedy,3
/title/tt2948356/,Comedy,3
/title/tt2096673/,Comedy,3
/title/tt0126029/,Comedy,3
/title/tt4729430/,Comedy,3
/title/tt0312004/,Comedy,3
/title/tt0198781/,Comedy,3
/title/tt0017925/,Comedy,3
/title/tt0120623/,Comedy,3
/title/tt1049413/,Comedy,3
/title/tt2948372/,Comedy,3
/title/tt0112691/,Comedy,3
/title/tt0266543/,Comedy,3
/title/tt0120587/,Comedy,3
/title/tt0103639/,Comedy,3
/title/tt2015381/,Comedy,3
/title/tt0073707/,Comedy,3
/title/tt0120363/,Comedy,3
/title/tt0382932/,Comedy,3
/title/tt0970179/,Family,3
/title/tt0347149/,Family,3
/title/tt0027977/,Family,3
/title/tt0029583/,Family,3
/title/tt0245429/,Family,3
/title/tt0132477/,Family,3
/title/tt0060345/,Family,3
/title/tt0049833/,Family,3
/title/tt0112431/,Family,3
/title/tt0116583/,Family,3
/title/tt1028532/,Family,3
/title/tt0038650/,Family,3
/title/tt0059742/,Family,3
/title/tt0096283/,Family,3
/title/tt0012349/,Family,3
/title/tt0910970/,Family,3
/title/tt0308644/,Family,3
/title/tt0092067/,Family,3
/title/tt0046911/,Horror,3
/title/tt0020530/,Horror,3
/title/tt0102926/,Horror,3
/title/tt0103873/,Horror,3
/title/tt0083866/,Sci-Fi,3
/title/tt0026138/,Sci-Fi,3
/title/tt0114558/,Sci-Fi,3
/title/tt0246578/,Sci-Fi,3
/title/tt0107290/,Sci-Fi,3
/title/tt1877832/,Sci-Fi,3
/title/tt0112682/,Sci-Fi,3
/title/tt0090605/,Sci-Fi,3
/title/tt0119116/,Sci-Fi,3
/title/tt2338151/,Sci-Fi,3
/title/tt0083658/,Sci-Fi,3
/title/tt2488496/,Sci-Fi,3
/title/tt1375666/,Sci-Fi,3
/title/tt0088763/,Sci-Fi,3
/title/tt0089886/,Sci-Fi,3
/title/tt0069293/,Sci-Fi,3
/title/tt0116629/,Sci-Fi,3
/title/tt0101458/,Sci-Fi,3
/title/tt0434409/,Sci-Fi,3
/title/tt0816692/,Sci-Fi,3
/title/tt0086373/,Sci-Fi,3
/title/tt0087544/,Sci-Fi,3
/title/tt0021884/,Sci-Fi,3
/title/tt0084787/,Sci-Fi,3
/title/tt3315342/,Sci-Fi,3
/title/tt3659388/,Sci-Fi,3
/title/tt0118884/,Sci-Fi,3
/title/tt0092610/,Sci-Fi,3
/title/tt0119094/,Sci-Fi,3
/title/tt0796366/,Sci-Fi,3
/title/tt4154756/,Sci-Fi,3
/title/tt0024216/,Sci-Fi,3
/title/tt0338013/,Sci-Fi,3
/title/tt3748528/,Sci-Fi,3
/title/tt0848228/,Sci-Fi,3
/title/tt0206634/,Sci-Fi,3
/title/tt1392190/,Sci-Fi,3
/title/tt0080520/,Sci-Fi,3
/title/tt0114787/,Fantasy,3
/title/tt0097351/,Fantasy,3
/title/tt0080684/,Fantasy,3
/title/tt0044008/,Fantasy,3
/title/tt0071853/,Fantasy,3
/title/tt0107048/,Fantasy,3
/title/tt0120601/,Fantasy,3
/title/tt0158983/,Fantasy,3
/title/tt0086190/,Fantasy,3
/title/tt0032455/,Fantasy,3
/title/tt0117128/,Fantasy,3
/title/tt0058331/,Fantasy,3
/title/tt0499549/,Fantasy,3
/title/tt0107688/,Fantasy,3
/title/tt0325980/,Fantasy,3
/title/tt0112817/,Fantasy,3
/title/tt0454876/,Fantasy,3
/title/tt0101414/,Fantasy,3
/title/tt0091203/,Fantasy,3
/title/tt10872600/,Fantasy,3
/title/tt0120689/,Fantasy,3
/title/tt0120789/,Fantasy,3
/title/tt0093779/,Fantasy,3
/title/tt5311514/,Fantasy,3
/title/tt0076759/,Fantasy,3
/title/tt0319061/,Fantasy,3
/title/tt0042546/,Fantasy,3
/title/tt0032138/,Fantasy,3
/title/tt0121766/,Fantasy,3
/title/tt5013056/,History,3
/title/tt0395169/,History,3
/title/tt0108052/,History,3
/title/tt0057115/,History,3
/title/tt0082432/,History,3
/title/tt8503618/,History,3
/title/tt0019254/,History,3
/title/tt0093389/,History,3
/title/tt0074896/,History,3
/title/tt0475276/,History,3
/title/tt0097441/,History,3
/title/tt0112384/,History,3
/title/tt1504320/,History,3
/title/tt0065234/,History,3
/title/tt0072684/,History,3
/title/tt0063227/,History,3
/title/tt0060665/,History,3
/title/tt0127536/,History,3
/title/tt0052618/,History,3
/title/tt0099334/,History,3
/title/tt0060107/,History,3
/title/tt0050976/,History,3
/title/tt0363163/,History,3
/title/tt2024544/,History,3
/title/tt2119532/,History,3
/title/tt0352248/,History,3
/title/tt0053946/,History,3
/title/tt0087553/,History,3
/title/tt0112573/,History,3
/title/tt0138097/,History,3
/title/tt0073629/,Musical,3
/title/tt0058385/,Musical,3
/title/tt0168629/,Musical,3
/title/tt0067992/,Musical,3
/title/tt0026778/,Musical,3
/title/tt0408236/,Musical,3
/title/tt0068327/,Musical,3
/title/tt0055614/,Musical,3
/title/tt0040746/,Mystery,3
/title/tt0114369/,Mystery,3
/title/tt0042876/,Mystery,3
/title/tt0119488/,Mystery,3
/title/tt0120802/,Mystery,3
/title/tt0353969/,Mystery,3
/title/tt0114814/,Mystery,3
/title/tt4430212/,Mystery,3
/title/tt0037008/,Mystery,3
/title/tt1856101/,Mystery,3
/title/tt0032976/,Mystery,3
/title/tt0115956/,Mystery,3
/title/tt0108394/,Mystery,3
/title/tt1392214/,Mystery,3
/title/tt0033870/,Mystery,3
/title/tt0038574/,Mystery,3
/title/tt0056869/,Mystery,3
/title/tt0051201/,Mystery,3
/title/tt0090756/,Mystery,3
/title/tt0038355/,Mystery,3
/title/tt0425112/,Mystery,3
/title/tt1201607/,Mystery,3
/title/tt0364569/,Mystery,3
/title/tt4857264/,Mystery,3
/title/tt0327056/,Mystery,3
/title/tt0181689/,Mystery,3
/title/tt0091605/,Mystery,3
/title/tt7060344/,Mystery,3
/title/tt0056058/,Mystery,3
/title/tt0061811/,Mystery,3
/title/tt0057565/,Mystery,3
/title/tt0081534/,Romance,3
/title/tt0054698/,Romance,3
/title/tt0029843/,Romance,3
/title/tt0110367/,Romance,3
/title/tt0783233/,Romance,3
/title/tt0040725/,Romance,3
/title/tt0056923/,Romance,3
/title/tt0101640/,Romance,3
/title/tt0098635/,Romance,3
/title/tt0108399/,Romance,3
/title/tt0375063/,Romance,3
/title/tt0021749/,Romance,3
/title/tt0109117/,Romance,3
/title/tt1305806/,Romance,3
/title/tt0098258/,Romance,3
/title/tt0043265/,Romance,3
/title/tt0045152/,Romance,3
/title/tt0053604/,Romance,3
/title/tt0114011/,Romance,3
/title/tt0047437/,Romance,3
/title/tt0287467/,Romance,3
/title/tt0118799/,Romance,3
/title/tt0045061/,Romance,3
/title/tt0038348/,Romance,3
/title/tt7653254/,Romance,3
/title/tt0116695/,Romance,3
/title/tt0272338/,Romance,3
/title/tt0079522/,Romance,3
/title/tt0118843/,Romance,3
/title/tt0093191/,Romance,3
/title/tt1655442/,Romance,3
/title/tt0111507/,Romance,3
/title/tt0031381/,Romance,3
/title/tt0117333/,Romance,3
/title/tt0292490/,Romance,3
/title/tt0107616/,Romance,3
/title/tt0038787/,Romance,3
/title/tt0115640/,Romance,3
/title/tt0015324/,Romance,3
/title/tt0114924/,Romance,3
/title/tt0032599/,Romance,3
/title/tt0119822/,Romance,3
/title/tt0118842/,Romance,3
/title/tt0421715/,Romance,3
/title/tt0333766/,Romance,3
/title/tt0053291/,Romance,3
/title/tt0203009/,Romance,3
/title/tt0061722/,Romance,3
/title/tt0116191/,Romance,3
/title/tt0150662/,Romance,3
/title/tt0108101/,Romance,3
/title/tt0111495/,Romance,3
/title/tt0067185/,Romance,3
/title/tt1022603/,Romance,3
/title/tt0116905/,Western,3
/title/tt0040897/,Western,3
/title/tt0031971/,Western,3
/title/tt0065214/,Western,3
/title/tt0099348/,Western,3
/title/tt0044706/,Western,3
/title/tt0049730/,Western,3
/title/tt0058461/,Western,3
/title/tt0054047/,Western,3
/title/tt0117665/,Thriller,3
/title/tt0074119/,Thriller,3
/title/tt0014429/,Thriller,3
/title/tt0046268/,Thriller,3
/title/tt0104684/,Thriller,3
/title/tt0290334/,Thriller,3
/title/tt0086979/,Thriller,3
/title/tt0315733/,Thriller,3
/title/tt0094226/,Thriller,3
/title/tt0407887/,Thriller,3
/title/tt0100150/,Thriller,3
/title/tt0120324/,Thriller,3
/title/tt0041959/,Thriller,3
/title/tt6751668/,Thriller,3
/title/tt0055630/,Thriller,3
/title/tt0071315/,Thriller,3
/title/tt0120176/,Thriller,3
/title/tt0068473/,Thriller,3
/title/tt1454468/,Thriller,3
/title/tt0119177/,Thriller,3
/title/tt0477348/,Thriller,3
/title/tt0099810/,Thriller,3
/title/tt0053125/,Thriller,3
/title/tt0056443/,Thriller,3
/title/tt0109506/,Thriller,3
/title/tt0022100/,Thriller,3
/title/tt0181865/,Thriller,3
/title/tt0036613/,Thriller,3
/title/tt0047296/,Thriller,3
/title/tt0117913/,Thriller,3
/title/tt0114746/,Thriller,3
/title/tt0052357/,Thriller,3
/title/tt0450259/,Thriller,3
/title/tt0010323/,Thriller,3
/title/tt2084970/,Thriller,3
/title/tt0116409/,Thriller,3
/title/tt3011894/,Thriller,3
/title/tt0257044/,Thriller,3
/title/tt0015648/,Thriller,3
/title/tt0482571/,Thriller,3
/title/tt2267998/,Thriller,3
/title/tt0117438/,Thriller,3
/title/tt7286456/,Thriller,3
/title/tt0102138/,Thriller,3
/title/tt0405094/,Thriller,3
/title/tt0120663/,Thriller,3
/title/tt0378194/,Thriller,3
/title/tt0440963/,Thriller,3
/title/tt0116231/,Thriller,3
/title/tt0166924/,Thriller,3
/title/tt0054215/,Thriller,3
/title/tt0026029/,Thriller,3
/title/tt0117500/,Thriller,3
/title/tt0167404/,Thriller,3
/title/tt0130827/,Thriller,3
/title/tt0140352/,Thriller,3
/title/tt0090329/,Thriller,3
/title/tt0058150/,Thriller,3
/title/tt0230600/,Thriller,3
/title/tt0048021/,Thriller,3
/title/tt1024648/,Thriller,3
/title/tt0381061/,Thriller,3
/title/tt4016934/,Thriller,3
/title/tt0119174/,Thriller,3
/title/tt0375679/,Thriller,3
/title/tt0071360/,Thriller,3
/title/tt1136608/,Thriller,3
/title/tt0462322/,Thriller,3
/title/tt0105236/,Thriller,3
/title/tt3417422/,Thriller,3
/title/tt0129167/,Adventure,3
/title/tt0092106/,Adventure,3
/title/tt0104361/,Adventure,3
/title/tt0892769/,Adventure,3
/title/tt0317705/,Adventure,3
/title/tt0119698/,Adventure,3
/title/tt4633694/,Adventure,3
/title/tt0068182/,Biography,3
/title/tt0048424/,Film-Noir,3
/title/tt0036775/,Film-Noir,3
/title/tt0052311/,Film-Noir,3
/title/tt0044079/,Film-Noir,3
/title/tt0049406/,Film-Noir,3
/title/tt0039689/,Film-Noir,3
