imdb_id,director,director_index
/title/tt0114388/,Ang Lee,1
/title/tt0454876/,Ang Lee,1
/title/tt0119349/,Ang Lee,1
/title/tt0190332/,Ang Lee,1
/title/tt6148156/,Gayatri,1
/title/tt0104684/,John Woo,1
/title/tt0119094/,John Woo,1
/title/tt0097202/,John Woo,1
/title/tt0026778/,Sam Wood,1
/title/tt0085334/,Bob Clark,1
/title/tt0068327/,Bob Fosse,1
/title/tt0382932/,Brad Bird,1
/title/tt0129167/,Brad Bird,1
/title/tt0317705/,Brad Bird,1
/title/tt0120789/,Gary Ross,1
/title/tt0067185/,Hal Ashby,1
/title/tt0078841/,Hal Ashby,1
/title/tt0190590/,Joel Coen,1
/title/tt0118715/,Joel Coen,1
/title/tt0086979/,Joel Coen,1
/title/tt0243133/,Joel Coen,1
/title/tt0100150/,Joel Coen,1
/title/tt0116282/,Joel Coen,1
/title/tt0093822/,Joel Coen,1
/title/tt0032551/,John Ford,1
/title/tt0056217/,John Ford,1
/title/tt0045061/,John Ford,1
/title/tt0049730/,John Ford,1
/title/tt0031971/,John Ford,1
/title/tt0101921/,Jon Avnet,1
/title/tt10872600/,Jon Watts,1
/title/tt0078446/,Lou Adler,1
/title/tt0112682/,Marc Caro,1
/title/tt0101700/,Marc Caro,1
/title/tt1022603/,Marc Webb,1
/title/tt0112691/,Nick Park,1
/title/tt0108598/,Nick Park,1
/title/tt0104361/,Nick Park,1
/title/tt0298228/,Niki Caro,1
/title/tt7060344/,Ram Kumar,1
/title/tt0092991/,Sam Raimi,1
/title/tt0106308/,Sam Raimi,1
/title/tt0120324/,Sam Raimi,1
/title/tt0758758/,Sean Penn,1
/title/tt0312004/,Steve Box,1
/title/tt0117887/,Tom Hanks,1
/title/tt0120586/,Tony Kaye,1
/title/tt0986264/,Aamir Khan,1
/title/tt0338564/,Andrew Lau,1
/title/tt0041959/,Carol Reed,1
/title/tt0059113/,David Lean,1
/title/tt0038574/,David Lean,1
/title/tt0037558/,David Lean,1
/title/tt0056172/,David Lean,1
/title/tt0050212/,David Lean,1
/title/tt0139239/,Doug Liman,1
/title/tt0117802/,Doug Liman,1
/title/tt0044081/,Elia Kazan,1
/title/tt0047296/,Elia Kazan,1
/title/tt0477348/,Ethan Coen,1
/title/tt1403865/,Ethan Coen,1
/title/tt0017136/,Fritz Lang,1
/title/tt0022100/,Fritz Lang,1
/title/tt2015381/,James Gunn,1
/title/tt0117128/,Jim Mallon,1
/title/tt0783233/,Joe Wright,1
/title/tt0106332/,Kaige Chen,1
/title/tt0374546/,Kim Ki-duk,1
/title/tt0110413/,Luc Besson,1
/title/tt0119116/,Luc Besson,1
/title/tt0095250/,Luc Besson,1
/title/tt0100263/,Luc Besson,1
/title/tt0071230/,Mel Brooks,1
/title/tt0063462/,Mel Brooks,1
/title/tt0072431/,Mel Brooks,1
/title/tt0112573/,Mel Gibson,1
/title/tt2119532/,Mel Gibson,1
/title/tt0067992/,Mel Stuart,1
/title/tt0107653/,Mike Leigh,1
/title/tt0117589/,Mike Leigh,1
/title/tt0120630/,Peter Lord,1
/title/tt0082432/,Peter Weir,1
/title/tt0120382/,Peter Weir,1
/title/tt0097165/,Peter Weir,1
/title/tt0090329/,Peter Weir,1
/title/tt0092005/,Rob Reiner,1
/title/tt0098635/,Rob Reiner,1
/title/tt0088258/,Rob Reiner,1
/title/tt0104257/,Rob Reiner,1
/title/tt0093779/,Rob Reiner,1
/title/tt1979320/,Ron Howard,1
/title/tt0112384/,Ron Howard,1
/title/tt0268978/,Ron Howard,1
/title/tt0117438/,Ron Howard,1
/title/tt0352248/,Ron Howard,1
/title/tt0257044/,Sam Mendes,1
/title/tt0169547/,Sam Mendes,1
/title/tt8579674/,Sam Mendes,1
/title/tt0109707/,Tim Burton,1
/title/tt0408236/,Tim Burton,1
/title/tt0319061/,Tim Burton,1
/title/tt1504320/,Tom Hooper,1
/title/tt0130827/,Tom Tykwer,1
/title/tt0108399/,Tony Scott,1
/title/tt0114478/,Wayne Wang,1
/title/tt0117571/,Wes Craven,1
/title/tt1220719/,Wilson Yip,1
/title/tt0333766/,Zach Braff,1
/title/tt0978762/,Adam Elliot,1
/title/tt0084503/,Alan Parker,1
/title/tt0109506/,Alex Proyas,1
/title/tt0100436/,Allan Moyle,1
/title/tt0112950/,Allan Moyle,1
/title/tt0061418/,Arthur Penn,1
/title/tt0065988/,Arthur Penn,1
/title/tt0120255/,Atom Egoyan,1
/title/tt0109759/,Atom Egoyan,1
/title/tt1024648/,Ben Affleck,1
/title/tt0120684/,Bill Condon,1
/title/tt0476735/,Cagan Irmak,1
/title/tt0060345/,Chuck Jones,1
/title/tt1010048/,Danny Boyle,1
/title/tt0111149/,Danny Boyle,1
/title/tt0117951/,Danny Boyle,1
/title/tt0080678/,David Lynch,1
/title/tt0090756/,David Lynch,1
/title/tt0166896/,David Lynch,1
/title/tt0166924/,David Lynch,1
/title/tt0120176/,David Mamet,1
/title/tt1201607/,David Yates,1
/title/tt0091251/,Elem Klimov,1
/title/tt0013442/,F.W. Murnau,1
/title/tt0018455/,F.W. Murnau,1
/title/tt0038650/,Frank Capra,1
/title/tt0036613/,Frank Capra,1
/title/tt0025316/,Frank Capra,1
/title/tt0031679/,Frank Capra,1
/title/tt0120735/,Guy Ritchie,1
/title/tt0208092/,Guy Ritchie,1
/title/tt0103130/,Hal Hartley,1
/title/tt0796366/,J.J. Abrams,1
/title/tt2488496/,J.J. Abrams,1
/title/tt0032455/,James Algar,1
/title/tt0107943/,James Ivory,1
/title/tt0091867/,James Ivory,1
/title/tt0021884/,James Whale,1
/title/tt0026138/,James Whale,1
/title/tt0028950/,Jean Renoir,1
/title/tt0073629/,Jim Sharman,1
/title/tt0091042/,John Hughes,1
/title/tt0088847/,John Hughes,1
/title/tt0033870/,John Huston,1
/title/tt0073341/,John Huston,1
/title/tt0040897/,John Huston,1
/title/tt0043265/,John Huston,1
/title/tt0077975/,John Landis,1
/title/tt0080455/,John Landis,1
/title/tt0138097/,John Madden,1
/title/tt0116905/,John Sayles,1
/title/tt0848228/,Joss Whedon,1
/title/tt0113749/,Kevin Smith,1
/title/tt0118842/,Kevin Smith,1
/title/tt0120655/,Kevin Smith,1
/title/tt0109445/,Kevin Smith,1
/title/tt0435761/,Lee Unkrich,1
/title/tt2380307/,Lee Unkrich,1
/title/tt0023969/,Leo McCarey,1
/title/tt0092593/,Louis Malle,1
/title/tt0117500/,Michael Bay,1
/title/tt0113627/,Mike Figgis,1
/title/tt0119008/,Mike Newell,1
/title/tt0092106/,Nelson Shin,1
/title/tt4857264/,Oriol Paulo,1
/title/tt0375679/,Paul Haggis,1
/title/tt1049413/,Pete Docter,1
/title/tt0198781/,Pete Docter,1
/title/tt2096673/,Pete Docter,1
/title/tt2948372/,Pete Docter,1
/title/tt0042041/,Raoul Walsh,1
/title/tt0057129/,Robert Wise,1
/title/tt0043456/,Robert Wise,1
/title/tt0059742/,Robert Wise,1
/title/tt0117631/,Scott Hicks,1
/title/tt0871510/,Shimit Amin,1
/title/tt0268126/,Spike Jonze,1
/title/tt0120601/,Spike Jonze,1
/title/tt1821480/,Sujoy Ghosh,1
/title/tt1454029/,Tate Taylor,1
/title/tt0079470/,Terry Jones,1
/title/tt8503618/,Thomas Kail,1
/title/tt0112818/,Tim Robbins,1
/title/tt0080520/,Tommy Chong,1
/title/tt0158983/,Trey Parker,1
/title/tt0093191/,Wim Wenders,1
/title/tt0101458/,Wim Wenders,1
/title/tt0087884/,Wim Wenders,1
/title/tt0079522/,Woody Allen,1
/title/tt0075686/,Woody Allen,1
/title/tt0097123/,Woody Allen,1
/title/tt0101640/,Yimou Zhang,1
/title/tt0299977/,Yimou Zhang,1
/title/tt0106977/,Andrew Davis,1
/title/tt0110889/,Antonia Bird,1
/title/tt0203009/,Baz Luhrmann,1
/title/tt0117509/,Baz Luhrmann,1
/title/tt0105488/,Baz Luhrmann,1
/title/tt0085859/,Bill Forsyth,1
/title/tt0043014/,Billy Wilder,1
/title/tt0051201/,Billy Wilder,1
/title/tt0046359/,Billy Wilder,1
/title/tt0037884/,Billy Wilder,1
/title/tt0053604/,Billy Wilder,1
/title/tt0036775/,Billy Wilder,1
/title/tt0053291/,Billy Wilder,1
/title/tt0047437/,Billy Wilder,1
/title/tt0043338/,Billy Wilder,1
/title/tt6751668/,Bong Joon Ho,1
/title/tt0353969/,Bong Joon Ho,1
/title/tt1877832/,Bryan Singer,1
/title/tt0114814/,Bryan Singer,1
/title/tt1727824/,Bryan Singer,1
/title/tt0290334/,Bryan Singer,1
/title/tt2948356/,Byron Howard,1
/title/tt0112431/,Chris Noonan,1
/title/tt0091288/,Claude Berri,1
/title/tt0091480/,Claude Berri,1
/title/tt0065234/,Costa-Gavras,1
/title/tt0892769/,Dean DeBlois,1
/title/tt0365748/,Edgar Wright,1
/title/tt0425112/,Edgar Wright,1
/title/tt0115956/,Edward Zwick,1
/title/tt0097441/,Edward Zwick,1
/title/tt0325710/,Edward Zwick,1
/title/tt0450259/,Edward Zwick,1
/title/tt0120587/,Eric Darnell,1
/title/tt0401792/,Frank Miller,1
/title/tt0058385/,George Cukor,1
/title/tt0032904/,George Cukor,1
/title/tt0121766/,George Lucas,1
/title/tt0076759/,George Lucas,1
/title/tt0069704/,George Lucas,1
/title/tt1013753/,Gus Van Sant,1
/title/tt0119217/,Gus Van Sant,1
/title/tt0058150/,Guy Hamilton,1
/title/tt0107048/,Harold Ramis,1
/title/tt0042546/,Henry Koster,1
/title/tt0107688/,Henry Selick,1
/title/tt0169858/,Hideaki Anno,1
/title/tt0040724/,Howard Hawks,1
/title/tt0038355/,Howard Hawks,1
/title/tt0032599/,Howard Hawks,1
/title/tt0029947/,Howard Hawks,1
/title/tt0053221/,Howard Hawks,1
/title/tt0038348/,Jean Cocteau,1
/title/tt0080339/,Jim Abrahams,1
/title/tt0090967/,Jim Jarmusch,1
/title/tt0112817/,Jim Jarmusch,1
/title/tt0102536/,Jim Jarmusch,1
/title/tt0097937/,Jim Sheridan,1
/title/tt0107207/,Jim Sheridan,1
/title/tt0298845/,Jim Sheridan,1
/title/tt0132477/,Joe Johnston,1
/title/tt0068473/,John Boorman,1
/title/tt0057115/,John Sturges,1
/title/tt0054047/,John Sturges,1
/title/tt0048021/,Jules Dassin,1
/title/tt0118694/,Kar-Wai Wong,1
/title/tt0110729/,Lee Tamahori,1
/title/tt0020530/,Luis Buñuel,1
/title/tt0118849/,Majid Majidi,1
/title/tt0308644/,Marc Forster,1
/title/tt0095631/,Martin Brest,1
/title/tt0140352/,Michael Mann,1
/title/tt0113277/,Michael Mann,1
/title/tt0061184/,Mike Nichols,1
/title/tt0061722/,Mike Nichols,1
/title/tt0125664/,Milos Forman,1
/title/tt0073486/,Milos Forman,1
/title/tt0086879/,Milos Forman,1
/title/tt0117318/,Milos Forman,1
/title/tt5323662/,Naoko Yamada,1
/title/tt0048545/,Nicholas Ray,1
/title/tt0102138/,Oliver Stone,1
/title/tt0091763/,Oliver Stone,1
/title/tt0052311/,Orson Welles,1
/title/tt0033467/,Orson Welles,1
/title/tt0112302/,Peter Hewitt,1
/title/tt0242519/,Priyadarshan,1
/title/tt0073707/,Ramesh Sippy,1
/title/tt0116908/,Renny Harlin,1
/title/tt0086373/,Rick Moranis,1
/title/tt0765429/,Ridley Scott,1
/title/tt3659388/,Ridley Scott,1
/title/tt0172495/,Ridley Scott,1
/title/tt0083658/,Ridley Scott,1
/title/tt0078748/,Ridley Scott,1
/title/tt0041546/,Robert Hamer,1
/title/tt0010323/,Robert Wiene,1
/title/tt0110357/,Roger Allers,1
/title/tt0103639/,Ron Clements,1
/title/tt3076658/,Ryan Coogler,1
/title/tt0048473/,Satyajit Ray,1
/title/tt0064116/,Sergio Leone,1
/title/tt0059578/,Sergio Leone,1
/title/tt0060196/,Sergio Leone,1
/title/tt0058461/,Sergio Leone,1
/title/tt0087843/,Sergio Leone,1
/title/tt0072890/,Sidney Lumet,1
/title/tt0074958/,Sidney Lumet,1
/title/tt0050083/,Sidney Lumet,1
/title/tt0113326/,Stanley Tong,1
/title/tt0395169/,Terry George,1
/title/tt0147612/,Todd Solondz,1
/title/tt1895587/,Tom McCarthy,1
/title/tt0340377/,Tom McCarthy,1
/title/tt0100519/,Tom Stoppard,1
/title/tt2278388/,Wes Anderson,1
/title/tt0116231/,Yavuz Turgul,1
/title/tt0119177/,Andrew Niccol,1
/title/tt4154756/,Anthony Russo,1
/title/tt4154796/,Anthony Russo,1
/title/tt0059026/,Bill Melendez,1
/title/tt0054698/,Blake Edwards,1
/title/tt0015324/,Buster Keaton,1
/title/tt0116695/,Cameron Crowe,1
/title/tt0181875/,Cameron Crowe,1
/title/tt0098258/,Cameron Crowe,1
/title/tt0119488/,Curtis Hanson,1
/title/tt0114369/,David Fincher,1
/title/tt0119174/,David Fincher,1
/title/tt0421715/,David Fincher,1
/title/tt2267998/,David Fincher,1
/title/tt0137523/,David Fincher,1
/title/tt1285016/,David Fincher,1
/title/tt0292490/,Farhan Akhtar,1
/title/tt1392190/,George Miller,1
/title/tt0094006/,Howard Deutch,1
/title/tt0095327/,Isao Takahata,1
/title/tt0090605/,James Cameron,1
/title/tt0120338/,James Cameron,1
/title/tt0499549/,James Cameron,1
/title/tt0103064/,James Cameron,1
/title/tt0088247/,James Cameron,1
/title/tt1950186/,James Mangold,1
/title/tt3315342/,James Mangold,1
/title/tt0358273/,James Mangold,1
/title/tt0381849/,James Mangold,1
/title/tt0467406/,Jason Reitman,1
/title/tt3417422/,Jeethu Joseph,1
/title/tt0120623/,John Lasseter,1
/title/tt0114709/,John Lasseter,1
/title/tt0120363/,John Lasseter,1
/title/tt1555149/,José Padilha,1
/title/tt0099348/,Kevin Costner,1
/title/tt0037674/,Marcel Carné,1
/title/tt0338013/,Michel Gondry,1
/title/tt2084970/,Morten Tyldum,1
/title/tt8267604/,Nadine Labaki,1
/title/tt1280558/,Neeraj Pandey,1
/title/tt5074352/,Nitesh Tiwari,1
/title/tt7653254/,Noah Baumbach,1
/title/tt0903624/,Peter Jackson,1
/title/tt0110005/,Peter Jackson,1
/title/tt0167261/,Peter Jackson,1
/title/tt1170358/,Peter Jackson,1
/title/tt0120737/,Peter Jackson,1
/title/tt0167260/,Peter Jackson,1
/title/tt0092610/,Peter Jackson,1
/title/tt0103873/,Peter Jackson,1
/title/tt0246578/,Richard Kelly,1
/title/tt0108122/,Robert Altman,1
/title/tt0105151/,Robert Altman,1
/title/tt0066026/,Robert Altman,1
/title/tt0054997/,Robert Rossen,1
/title/tt0087553/,Roland Joffé,1
/title/tt0103905/,Rémy Belvaux,1
/title/tt0065214/,Sam Peckinpah,1
/title/tt4729430/,Sergio Pablos,1
/title/tt0127536/,Shekhar Kapur,1
/title/tt0335266/,Sofia Coppola,1
/title/tt0045152/,Stanley Donen,1
/title/tt0056923/,Stanley Donen,1
/title/tt0113862/,Stephen Herek,1
/title/tt2024544/,Steve McQueen,1
/title/tt15097216/,T.J. Gnanavel,1
/title/tt3501632/,Taika Waititi,1
/title/tt0071853/,Terry Gilliam,1
/title/tt0088846/,Terry Gilliam,1
/title/tt0114746/,Terry Gilliam,1
/title/tt0162346/,Terry Zwigoff,1
/title/tt7286456/,Todd Phillips,1
/title/tt0025878/,W.S. Van Dyke,1
/title/tt0140888/,Walter Salles,1
/title/tt0068182/,Werner Herzog,1
/title/tt0046250/,William Wyler,1
/title/tt0052618/,William Wyler,1
/title/tt0036868/,William Wyler,1
/title/tt0046438/,Yasujirô Ozu,1
/title/tt0044741/,Akira Kurosawa,1
/title/tt0089881/,Akira Kurosawa,1
/title/tt0042876/,Akira Kurosawa,1
/title/tt0071411/,Akira Kurosawa,1
/title/tt0057565/,Akira Kurosawa,1
/title/tt0055630/,Akira Kurosawa,1
/title/tt0047478/,Akira Kurosawa,1
/title/tt0050613/,Akira Kurosawa,1
/title/tt0056443/,Akira Kurosawa,1
/title/tt0074119/,Alan J. Pakula,1
/title/tt0112697/,Amy Heckerling,1
/title/tt0126029/,Andrew Adamson,1
/title/tt0266543/,Andrew Stanton,1
/title/tt0910970/,Andrew Stanton,1
/title/tt0063227/,Anthony Harvey,1
/title/tt1954470/,Anurag Kashyap,1
/title/tt1832382/,Asghar Farhadi,1
/title/tt0095953/,Barry Levinson,1
/title/tt0117665/,Barry Levinson,1
/title/tt0129387/,Bobby Farrelly,1
/title/tt0086250/,Brian De Palma,1
/title/tt0094226/,Brian De Palma,1
/title/tt0094336/,Bruce Robinson,1
/title/tt0115678/,Campbell Scott,1
/title/tt0824747/,Clint Eastwood,1
/title/tt0498380/,Clint Eastwood,1
/title/tt1205489/,Clint Eastwood,1
/title/tt0405159/,Clint Eastwood,1
/title/tt0327056/,Clint Eastwood,1
/title/tt0105695/,Clint Eastwood,1
/title/tt0017925/,Clyde Bruckman,1
/title/tt0046816/,Edward Dmytryk,1
/title/tt0118843/,Emir Kusturica,1
/title/tt0097223/,Emir Kusturica,1
/title/tt0114787/,Emir Kusturica,1
/title/tt0035446/,Ernst Lubitsch,1
/title/tt10272386/,Florian Zeller,1
/title/tt0111161/,Frank Darabont,1
/title/tt0120689/,Frank Darabont,1
/title/tt0049223/,Fred M. Wilcox,1
/title/tt0060665/,Fred Zinnemann,1
/title/tt0044706/,Fred Zinnemann,1
/title/tt0045793/,Fred Zinnemann,1
/title/tt3748528/,Gareth Edwards,1
/title/tt0116583/,Gary Trousdale,1
/title/tt0101414/,Gary Trousdale,1
/title/tt1291584/,Gavin O'Connor,1
/title/tt0085809/,Godfrey Reggio,1
/title/tt0325980/,Gore Verbinski,1
/title/tt0347149/,Hayao Miyazaki,1
/title/tt0087544/,Hayao Miyazaki,1
/title/tt0092067/,Hayao Miyazaki,1
/title/tt0119698/,Hayao Miyazaki,1
/title/tt0096283/,Hayao Miyazaki,1
/title/tt0245429/,Hayao Miyazaki,1
/title/tt0083922/,Ingmar Bergman,1
/title/tt0077711/,Ingmar Bergman,1
/title/tt0050976/,Ingmar Bergman,1
/title/tt0050986/,Ingmar Bergman,1
/title/tt0060827/,Ingmar Bergman,1
/title/tt0080684/,Irvin Kershner,1
/title/tt0434409/,James McTeigue,1
/title/tt0081534/,Jeannot Szwarc,1
/title/tt0055614/,Jerome Robbins,1
/title/tt0084787/,John Carpenter,1
/title/tt0095016/,John McTiernan,1
/title/tt0099810/,John McTiernan,1
/title/tt0101507/,John Singleton,1
/title/tt0114924/,Jon Turteltaub,1
/title/tt0117333/,Jon Turteltaub,1
/title/tt0102926/,Jonathan Demme,1
/title/tt0115736/,Lana Wachowski,1
/title/tt0133093/,Lana Wachowski,1
/title/tt0115751/,Lars von Trier,1
/title/tt0168629/,Lars von Trier,1
/title/tt0276919/,Lars von Trier,1
/title/tt5311514/,Makoto Shinkai,1
/title/tt1250777/,Matthew Vaughn,1
/title/tt0077416/,Michael Cimino,1
/title/tt0029843/,Michael Curtiz,1
/title/tt0034583/,Michael Curtiz,1
/title/tt0040725/,Michael Powell,1
/title/tt1136608/,Neill Blomkamp,1
/title/tt0061811/,Norman Jewison,1
/title/tt0037008/,Otto Preminger,1
/title/tt0052561/,Otto Preminger,1
/title/tt4016934/,Park Chan-wook,1
/title/tt0364569/,Park Chan-wook,1
/title/tt0099077/,Penny Marshall,1
/title/tt0119164/,Peter Cattaneo,1
/title/tt6966692/,Peter Farrelly,1
/title/tt0096332/,Philip Kaufman,1
/title/tt0086197/,Philip Kaufman,1
/title/tt0061809/,Richard Brooks,1
/title/tt0105265/,Robert Redford,1
/title/tt0253474/,Roman Polanski,1
/title/tt0071315/,Roman Polanski,1
/title/tt0063522/,Roman Polanski,1
/title/tt10280296/,Shoojit Sircar,1
/title/tt0053946/,Stanley Kramer,1
/title/tt0055031/,Stanley Kramer,1
/title/tt0249462/,Stephen Daldry,1
/title/tt0094947/,Stephen Frears,1
/title/tt0146882/,Stephen Frears,1
/title/tt0031381/,Victor Fleming,1
/title/tt0032138/,Victor Fleming,1
/title/tt2991224/,Zaza Urushadze,1
/title/tt0126886/,Alexander Payne,1
/title/tt0375063/,Alexander Payne,1
/title/tt6155172/,Alfonso Cuarón,1
/title/tt0206634/,Alfonso Cuarón,1
/title/tt0245574/,Alfonso Cuarón,1
/title/tt1454468/,Alfonso Cuarón,1
/title/tt4633694/,Bob Persichetti,1
/title/tt0032553/,Charles Chaplin,1
/title/tt0021749/,Charles Chaplin,1
/title/tt0012349/,Charles Chaplin,1
/title/tt0027977/,Charles Chaplin,1
/title/tt0015864/,Charles Chaplin,1
/title/tt8613070/,Céline Sciamma,1
/title/tt2582802/,Damien Chazelle,1
/title/tt3783958/,Damien Chazelle,1
/title/tt3011894/,Damián Szifron,1
/title/tt0116191/,Douglas McGrath,1
/title/tt0119229/,George Armitage,1
/title/tt0064115/,George Roy Hill,1
/title/tt0070735/,George Roy Hill,1
/title/tt0119822/,James L. Brooks,1
/title/tt0117913/,Joel Schumacher,1
/title/tt0449059/,Jonathan Dayton,1
/title/tt0117731/,Jonathan Frakes,1
/title/tt0401383/,Julian Schnabel,1
/title/tt0114558/,Kathryn Bigelow,1
/title/tt0107616/,Kenneth Branagh,1
/title/tt0097499/,Kenneth Branagh,1
/title/tt0116477/,Kenneth Branagh,1
/title/tt0171804/,Kimberly Peirce,1
/title/tt0020629/,Lewis Milestone,1
/title/tt0150662/,Lukas Moodysson,1
/title/tt0089886/,Martha Coolidge,1
/title/tt0381061/,Martin Campbell,1
/title/tt5027774/,Martin McDonagh,1
/title/tt0780536/,Martin McDonagh,1
/title/tt0407887/,Martin Scorsese,1
/title/tt1302006/,Martin Scorsese,1
/title/tt0099685/,Martin Scorsese,1
/title/tt0970179/,Martin Scorsese,1
/title/tt0112641/,Martin Scorsese,1
/title/tt0993846/,Martin Scorsese,1
/title/tt0075314/,Martin Scorsese,1
/title/tt0081398/,Martin Scorsese,1
/title/tt1130884/,Martin Scorsese,1
/title/tt0097493/,Michael Lehmann,1
/title/tt0110877/,Michael Radford,1
/title/tt0074896/,Moustapha Akkad,1
/title/tt4430212/,Nishikant Kamat,1
/title/tt1675434/,Olivier Nakache,1
/title/tt0440963/,Paul Greengrass,1
/title/tt0475276/,Paul Greengrass,1
/title/tt0034240/,Preston Sturges,1
/title/tt1187043/,Rajkumar Hirani,1
/title/tt0374887/,Rajkumar Hirani,1
/title/tt2338151/,Rajkumar Hirani,1
/title/tt0105946/,Richard Compton,1
/title/tt0056592/,Robert Mulligan,1
/title/tt0109830/,Robert Zemeckis,1
/title/tt0088763/,Robert Zemeckis,1
/title/tt0118884/,Robert Zemeckis,1
/title/tt0118799/,Roberto Benigni,1
/title/tt0116629/,Roland Emmerich,1
/title/tt0091203/,Russell Mulcahy,1
/title/tt8108198/,Sriram Raghavan,1
/title/tt0057012/,Stanley Kubrick,1
/title/tt0093058/,Stanley Kubrick,1
/title/tt0062622/,Stanley Kubrick,1
/title/tt0066921/,Stanley Kubrick,1
/title/tt0049406/,Stanley Kubrick,1
/title/tt0120663/,Stanley Kubrick,1
/title/tt0054331/,Stanley Kubrick,1
/title/tt0072684/,Stanley Kubrick,1
/title/tt0081505/,Stanley Kubrick,1
/title/tt0050825/,Stanley Kubrick,1
/title/tt0109045/,Stephan Elliott,1
/title/tt1659337/,Stephen Chbosky,1
/title/tt0116409/,Stephen Hopkins,1
/title/tt0108065/,Steven Zaillian,1
/title/tt1139797/,Tomas Alfredson,1
/title/tt1069238/,Yôjirô Takita,1
/title/tt0046912/,Alfred Hitchcock,1
/title/tt0040746/,Alfred Hitchcock,1
/title/tt0052357/,Alfred Hitchcock,1
/title/tt0056869/,Alfred Hitchcock,1
/title/tt0047396/,Alfred Hitchcock,1
/title/tt0026029/,Alfred Hitchcock,1
/title/tt0053125/,Alfred Hitchcock,1
/title/tt0038787/,Alfred Hitchcock,1
/title/tt0054215/,Alfred Hitchcock,1
/title/tt0032976/,Alfred Hitchcock,1
/title/tt0030341/,Alfred Hitchcock,1
/title/tt0044079/,Alfred Hitchcock,1
/title/tt0036342/,Alfred Hitchcock,1
/title/tt0069293/,Andrei Tarkovsky,1
/title/tt0079944/,Andrei Tarkovsky,1
/title/tt0060107/,Andrei Tarkovsky,1
/title/tt0119654/,Barry Sonnenfeld,1
/title/tt0049833/,Cecil B. DeMille,1
/title/tt0095159/,Charles Crichton,1
/title/tt0048424/,Charles Laughton,1
/title/tt0947798/,Darren Aronofsky,1
/title/tt1125849/,Darren Aronofsky,1
/title/tt0180093/,Darren Aronofsky,1
/title/tt0120188/,David O. Russell,1
/title/tt1856101/,Denis Villeneuve,1
/title/tt1392214/,Denis Villeneuve,1
/title/tt1255953/,Denis Villeneuve,1
/title/tt2543164/,Denis Villeneuve,1
/title/tt1160419/,Denis Villeneuve,1
/title/tt0050783/,Federico Fellini,1
/title/tt0047528/,Federico Fellini,1
/title/tt0071129/,Federico Fellini,1
/title/tt0056801/,Federico Fellini,1
/title/tt0053779/,Federico Fellini,1
/title/tt0120802/,François Girard,1
/title/tt0014429/,Fred C. Newmeyer,1
/title/tt0077402/,George A. Romero,1
/title/tt0058946/,Gillo Pontecorvo,1
/title/tt0115640/,Hettie Macdonald,1
/title/tt0039689/,Jacques Tourneur,1
/title/tt0075148/,John G. Avildsen,1
/title/tt0064665/,John Schlesinger,1
/title/tt0094625/,Katsuhiro Ôtomo,1
/title/tt0203230/,Kenneth Lonergan,1
/title/tt0108550/,Lasse Hallström,1
/title/tt0089606/,Lasse Hallström,1
/title/tt1028532/,Lasse Hallström,1
/title/tt3170832/,Lenny Abrahamson,1
/title/tt0056058/,Masaki Kobayashi,1
/title/tt0024216/,Merian C. Cooper,1
/title/tt0287467/,Pedro Almodóvar,1
/title/tt0185125/,Pedro Almodóvar,1
/title/tt0086190/,Richard Marquand,1
/title/tt0462322/,Robert Rodriguez,1
/title/tt0058331/,Robert Stevenson,1
/title/tt0181689/,Steven Spielberg,1
/title/tt0083866/,Steven Spielberg,1
/title/tt0120815/,Steven Spielberg,1
/title/tt0082971/,Steven Spielberg,1
/title/tt0097576/,Steven Spielberg,1
/title/tt0264464/,Steven Spielberg,1
/title/tt0073195/,Steven Spielberg,1
/title/tt0075860/,Steven Spielberg,1
/title/tt0108052/,Steven Spielberg,1
/title/tt0107290/,Steven Spielberg,1
/title/tt0061512/,Stuart Rosenberg,1
/title/tt0045274/,Vittorio De Sica,1
/title/tt0040522/,Vittorio De Sica,1
/title/tt0029583/,William Cottrell,1
/title/tt0067116/,William Friedkin,1
/title/tt0070047/,William Friedkin,1
/title/tt0116209/,Anthony Minghella,1
/title/tt0468569/,Christopher Nolan,1
/title/tt1345836/,Christopher Nolan,1
/title/tt0816692/,Christopher Nolan,1
/title/tt0209144/,Christopher Nolan,1
/title/tt0372784/,Christopher Nolan,1
/title/tt1375666/,Christopher Nolan,1
/title/tt5013056/,Christopher Nolan,1
/title/tt0482571/,Christopher Nolan,1
/title/tt0110367/,Gillian Armstrong,1
/title/tt0113247/,Mathieu Kassovitz,1
/title/tt2758880/,Nuri Bilge Ceylan,1
/title/tt0070510/,Peter Bogdanovich,1
/title/tt0105236/,Quentin Tarantino,1
/title/tt0266697/,Quentin Tarantino,1
/title/tt1853728/,Quentin Tarantino,1
/title/tt0378194/,Quentin Tarantino,1
/title/tt0361748/,Quentin Tarantino,1
/title/tt0110912/,Quentin Tarantino,1
/title/tt0109117/,Rajkumar Santoshi,1
/title/tt0381681/,Richard Linklater,1
/title/tt0106677/,Richard Linklater,1
/title/tt2209418/,Richard Linklater,1
/title/tt0112471/,Richard Linklater,1
/title/tt1065073/,Richard Linklater,1
/title/tt0181865/,Steven Soderbergh,1
/title/tt0120780/,Steven Soderbergh,1
/title/tt2106476/,Thomas Vinterberg,1
/title/tt0154420/,Thomas Vinterberg,1
/title/tt0082096/,Wolfgang Petersen,1
/title/tt0367110/,Ashutosh Gowariker,1
/title/tt0169102/,Ashutosh Gowariker,1
/title/tt0117666/,Billy Bob Thornton,1
/title/tt0317248/,Fernando Meirelles,1
/title/tt0053198/,François Truffaut,1
/title/tt0108358/,George P. Cosmatos,1
/title/tt0095765/,Giuseppe Tornatore,1
/title/tt0457430/,Guillermo del Toro,1
/title/tt0211915/,Jean-Pierre Jeunet,1
/title/tt0056218/,John Frankenheimer,1
/title/tt0167404/,M. Night Shyamalan,1
/title/tt0036244/,William A. Wellman,1
/title/tt0369702/,Alejandro Amenábar,1
/title/tt0230600/,Alejandro Amenábar,1
/title/tt0093389/,Bernardo Bertolucci,1
/title/tt0044008/,Brian Desmond Hurst,1
/title/tt0019254/,Carl Theodor Dreyer,1
/title/tt0091605/,Jean-Jacques Annaud,1
/title/tt0099334/,Jean-Paul Rappeneau,1
/title/tt0114011/,Lesli Linka Glatter,1
/title/tt1655442/,Michel Hazanavicius,1
/title/tt0363163/,Oliver Hirschbiegel,1
/title/tt0097351/,Phil Alden Robinson,1
/title/tt0061852/,Wolfgang Reitherman,1
/title/tt0068646/,Francis Ford Coppola,1
/title/tt0071562/,Francis Ford Coppola,1
/title/tt0071360/,Francis Ford Coppola,1
/title/tt0078788/,Francis Ford Coppola,1
/title/tt0066763/,Hrishikesh Mukherjee,1
/title/tt0082269/,Jean-Jacques Beineix,1
/title/tt0062229/,Jean-Pierre Melville,1
/title/tt0069281/,Joseph L. Mankiewicz,1
/title/tt0042192/,Joseph L. Mankiewicz,1
/title/tt0111495/,Krzysztof Kieslowski,1
/title/tt0111507/,Krzysztof Kieslowski,1
/title/tt0108394/,Krzysztof Kieslowski,1
/title/tt0101765/,Krzysztof Kieslowski,1
/title/tt0780504/,Nicolas Winding Refn,1
/title/tt0272338/,Paul Thomas Anderson,1
/title/tt0469494/,Paul Thomas Anderson,1
/title/tt0175880/,Paul Thomas Anderson,1
/title/tt0083987/,Richard Attenborough,1
/title/tt0108101/,Richard Attenborough,1
/title/tt0088794/,Savage Steve Holland,1
/title/tt0015648/,Sergei M. Eisenstein,1
/title/tt1639426/,Vikramaditya Motwane,1
/title/tt0051036/,Alexander Mackendrick,1
/title/tt0070511/,Franklin J. Schaffner,1
/title/tt0063442/,Franklin J. Schaffner,1
/title/tt0066206/,Franklin J. Schaffner,1
/title/tt0046268/,Henri-Georges Clouzot,1
/title/tt0046911/,Henri-Georges Clouzot,1
/title/tt1305806/,Juan José Campanella,1
/title/tt0315733/,Alejandro G. Iñárritu,1
/title/tt0245712/,Alejandro G. Iñárritu,1
/title/tt0405508/,Rakeysh Omprakash Mehra,1
/title/tt0405094/,Florian Henckel von Donnersmarck,1
/title/tt6148156/,Pushkar,2
/title/tt0338564/,Alan Mak,2
/title/tt0462322/,Eli Roth,2
/title/tt4154756/,Joe Russo,2
/title/tt4154796/,Joe Russo,2
/title/tt0477348/,Joel Coen,2
/title/tt1403865/,Joel Coen,2
/title/tt0101414/,Kirk Wise,2
/title/tt0116583/,Kirk Wise,2
/title/tt0120630/,Nick Park,2
/title/tt0312004/,Nick Park,2
/title/tt0060345/,Ben Washam,2
/title/tt0029583/,David Hand,2
/title/tt0086979/,Ethan Coen,2
/title/tt0116282/,Ethan Coen,2
/title/tt0118715/,Ethan Coen,2
/title/tt0100150/,Ethan Coen,2
/title/tt0093822/,Ethan Coen,2
/title/tt0190590/,Ethan Coen,2
/title/tt0045152/,Gene Kelly,2
/title/tt2948356/,Rich Moore,2
/title/tt0014429/,Sam Taylor,2
/title/tt0986264/,Amole Gupte,2
/title/tt0120363/,Ash Brannon,2
/title/tt0086373/,Dave Thomas,2
/title/tt0382932/,Jan Pinkava,2
/title/tt0095159/,John Cleese,2
/title/tt0103639/,John Musker,2
/title/tt2948372/,Kemp Powers,2
/title/tt0108358/,Kevin Jarre,2
/title/tt0317248/,Kátia Lund,2
/title/tt0266543/,Lee Unkrich,2
/title/tt0110357/,Rob Minkoff,2
/title/tt0055614/,Robert Wise,2
/title/tt0071853/,Terry Jones,2
/title/tt0120587/,Tim Johnson,2
/title/tt0078446/,Tommy Chong,2
/title/tt1049413/,Bob Peterson,2
/title/tt0080339/,David Zucker,2
/title/tt0032138/,George Cukor,2
/title/tt0031381/,George Cukor,2
/title/tt4633694/,Peter Ramsey,2
/title/tt0126029/,Vicky Jenson,2
/title/tt2380307/,Adrian Molina,2
/title/tt0103905/,André Bonzel,2
/title/tt0040724/,Arthur Rosson,2
/title/tt0017925/,Buster Keaton,2
/title/tt0892769/,Chris Sanders,2
/title/tt0115678/,Stanley Tucci,2
/title/tt0449059/,Valerie Faris,2
/title/tt0120623/,Andrew Stanton,2
/title/tt0110877/,Massimo Troisi,2
/title/tt0129387/,Peter Farrelly,2
/title/tt0038348/,René Clément,2
/title/tt1675434/,Éric Toledano,2
/title/tt0198781/,David Silverman,2
/title/tt0026778/,Edmund Goulding,2
/title/tt0133093/,Lilly Wachowski,2
/title/tt0115736/,Lilly Wachowski,2
/title/tt1010048/,Loveleen Tandan,2
/title/tt0169858/,Kazuya Tsurumaki,2
/title/tt0032455/,Samuel Armstrong,2
/title/tt0029843/,William Keighley,2
/title/tt0401792/,Quentin Tarantino,2
/title/tt2096673/,Ronnie Del Carmen,2
/title/tt0040725/,Emeric Pressburger,2
/title/tt0112682/,Jean-Pierre Jeunet,2
/title/tt0101700/,Jean-Pierre Jeunet,2
/title/tt0024216/,Ernest B. Schoedsack,2
/title/tt4729430/,Carlos Martínez López,2
/title/tt0031381/,Sam Wood,3
/title/tt2948356/,Jared Bush,3
/title/tt0120363/,Lee Unkrich,3
/title/tt0198781/,Lee Unkrich,3
/title/tt0080339/,Jerry Zucker,3
/title/tt0032138/,Mervyn LeRoy,3
/title/tt0032455/,Ford Beebe Jr.,3
/title/tt4633694/,Rodney Rothman,3
/title/tt0029583/,Wilfred Jackson,3
/title/tt0401792/,Robert Rodriguez,3
/title/tt0462322/,Quentin Tarantino,3
/title/tt0103905/,Benoît Poelvoorde,3
/title/tt0029583/,Larry Morey,4
/title/tt0462322/,Edgar Wright,4
/title/tt0032138/,Norman Taurog,4
/title/tt0032455/,Norman Ferguson,4
/title/tt0032455/,David Hand,5
/title/tt0462322/,Rob Zombie,5
/title/tt0029583/,Perce Pearce,5
/title/tt0032138/,Richard Thorpe,5
/title/tt0032138/,King Vidor,6
/title/tt0032455/,Jim Handley,6
/title/tt0029583/,Ben Sharpsteen,6
/title/tt0032455/,T. Hee,7
/title/tt0032455/,Wilfred Jackson,8
/title/tt0032455/,Hamilton Luske,9
/title/tt0032455/,Bill Roberts,10
/title/tt0032455/,Paul Satterfield,11
/title/tt0032455/,Ben Sharpsteen,12
