imdb_id,country_code,country_name
/title/tt0120338/,US,United States of America
/title/tt1220719/,CN,China
/title/tt0072684/,US,United States of America
/title/tt0092593/,DE,Germany
/title/tt0097223/,GB,United Kingdom
/title/tt2119532/,US,United States of America
/title/tt0108598/,GB,United Kingdom
/title/tt0097351/,US,United States of America
/title/tt0073195/,US,United States of America
/title/tt0105265/,US,United States of America
/title/tt0119822/,US,United States of America
/title/tt0073629/,US,United States of America
/title/tt0050976/,SE,Sweden
/title/tt1139797/,NO,Norway
/title/tt0457430/,US,United States of America
/title/tt0190332/,US,United States of America
/title/tt0042192/,US,United States of America
/title/tt0783233/,US,United States of America
/title/tt0381061/,DE,Germany
/title/tt0381061/,GB,United Kingdom
/title/tt0064115/,US,United States of America
/title/tt0095953/,US,United States of America
/title/tt0083987/,GB,United Kingdom
/title/tt8579674/,GB,United Kingdom
/title/tt0067992/,US,United States of America
/title/tt0071230/,US,United States of America
/title/tt0203009/,US,United States of America
/title/tt0043265/,GB,United Kingdom
/title/tt0110877/,BE,Belgium
/title/tt0083922/,DE,Germany
/title/tt0168629/,AR,Argentina
/title/tt0276919/,GB,United Kingdom
/title/tt0104361/,GB,United Kingdom
/title/tt0120587/,US,United States of America
/title/tt0032138/,US,United States of America
/title/tt1125849/,FR,France
/title/tt0138097/,GB,United Kingdom
/title/tt0425112/,FR,France
/title/tt0249462/,FR,France
/title/tt0120630/,US,United States of America
/title/tt0125664/,GB,United Kingdom
/title/tt0079470/,GB,United Kingdom
/title/tt0056592/,US,United States of America
/title/tt0090967/,US,United States of America
/title/tt0088247/,US,United States of America
/title/tt0101414/,US,United States of America
/title/tt0099810/,US,United States of America
/title/tt0114787/,FR,France
/title/tt0118849/,IR,Iran
/title/tt0108052/,US,United States of America
/title/tt0077711/,SE,Sweden
/title/tt3659388/,GB,United Kingdom
/title/tt0093058/,GB,United Kingdom
/title/tt0073341/,US,United States of America
/title/tt0440963/,FR,France
/title/tt0041546/,GB,United Kingdom
/title/tt0246578/,US,United States of America
/title/tt2084970/,US,United States of America
/title/tt0120382/,US,United States of America
/title/tt2267998/,US,United States of America
/title/tt0119349/,FR,France
/title/tt15097216/,IN,India
/title/tt0015864/,US,United States of America
/title/tt2338151/,IN,India
/title/tt0085859/,GB,United Kingdom
/title/tt0046268/,IT,Italy
/title/tt0372784/,GB,United Kingdom
/title/tt0372784/,US,United States of America
/title/tt0116209/,GB,United Kingdom
/title/tt2758880/,FR,France
/title/tt0253474/,GB,United Kingdom
/title/tt0118843/,FR,France
/title/tt8267604/,QA,Qatar
/title/tt0112682/,FR,France
/title/tt0120780/,US,United States of America
/title/tt0352248/,US,United States of America
/title/tt0023969/,US,United States of America
/title/tt0120363/,US,United States of America
/title/tt3501632/,US,United States of America
/title/tt0112950/,US,United States of America
/title/tt0032455/,US,United States of America
/title/tt0043014/,US,United States of America
/title/tt0970179/,US,United States of America
/title/tt0113247/,FR,France
/title/tt0087544/,JP,Japan
/title/tt0347149/,JP,Japan
/title/tt0107943/,GB,United Kingdom
/title/tt0381681/,FR,France
/title/tt1853728/,US,United States of America
/title/tt0050986/,SE,Sweden
/title/tt0140352/,US,United States of America
/title/tt0066026/,US,United States of America
/title/tt0050825/,US,United States of America
/title/tt3659388/,US,United States of America
/title/tt0112817/,US,United States of America
/title/tt0110889/,GB,United Kingdom
/title/tt0089886/,US,United States of America
/title/tt0103639/,US,United States of America
/title/tt1291584/,US,United States of America
/title/tt0078446/,US,United States of America
/title/tt0080339/,US,United States of America
/title/tt0047528/,IT,Italy
/title/tt0089881/,JP,Japan
/title/tt0101640/,TW,Taiwan
/title/tt0190332/,CN,China
/title/tt0046911/,FR,France
/title/tt0114746/,US,United States of America
/title/tt0395169/,GB,United Kingdom
/title/tt0059113/,US,United States of America
/title/tt0169102/,IN,India
/title/tt0103905/,BE,Belgium
/title/tt0211915/,FR,France
/title/tt1024648/,US,United States of America
/title/tt0335266/,US,United States of America
/title/tt1136608/,ZA,South Africa
/title/tt0112682/,ES,Spain
/title/tt0168629/,DK,Denmark
/title/tt0101507/,US,United States of America
/title/tt0037884/,US,United States of America
/title/tt1285016/,US,United States of America
/title/tt0816692/,US,United States of America
/title/tt0970179/,GB,United Kingdom
/title/tt0125664/,US,United States of America
/title/tt0190332/,TW,Taiwan
/title/tt0140888/,FR,France
/title/tt4430212/,IN,India
/title/tt0108101/,GB,United Kingdom
/title/tt0059742/,US,United States of America
/title/tt0114787/,CZ,Czech Republic
/title/tt0060107/,SU,Soviet Union
/title/tt0071853/,GB,United Kingdom
/title/tt0405094/,FR,France
/title/tt0108394/,FR,France
/title/tt0036613/,US,United States of America
/title/tt0117666/,US,United States of America
/title/tt0116695/,US,United States of America
/title/tt0421715/,US,United States of America
/title/tt0098635/,US,United States of America
/title/tt0315733/,US,United States of America
/title/tt0115751/,IS,Iceland
/title/tt0903624/,NZ,New Zealand
/title/tt0120737/,US,United States of America
/title/tt0365748/,FR,France
/title/tt0071411/,JP,Japan
/title/tt5013056/,US,United States of America
/title/tt0028950/,FR,France
/title/tt0116583/,US,United States of America
/title/tt0075860/,US,United States of America
/title/tt0068646/,US,United States of America
/title/tt2991224/,GE,Georgia
/title/tt0077416/,GB,United Kingdom
/title/tt0092593/,IT,Italy
/title/tt0112682/,BE,Belgium
/title/tt0168629/,NO,Norway
/title/tt0044008/,GB,United Kingdom
/title/tt0449059/,US,United States of America
/title/tt0126029/,US,United States of America
/title/tt0052357/,US,United States of America
/title/tt0036775/,US,United States of America
/title/tt0097493/,US,United States of America
/title/tt0114558/,US,United States of America
/title/tt0115751/,SE,Sweden
/title/tt0097937/,GB,United Kingdom
/title/tt0077402/,IT,Italy
/title/tt7286456/,CA,Canada
/title/tt0172495/,US,United States of America
/title/tt0765429/,GB,United Kingdom
/title/tt0401383/,US,United States of America
/title/tt0245574/,MX,Mexico
/title/tt0140888/,BR,Brazil
/title/tt1639426/,IN,India
/title/tt0477348/,US,United States of America
/title/tt0071315/,US,United States of America
/title/tt0093058/,US,United States of America
/title/tt1832382/,IR,Iran
/title/tt0086979/,US,United States of America
/title/tt0079522/,US,United States of America
/title/tt0116191/,US,United States of America
/title/tt0118842/,US,United States of America
/title/tt0084503/,US,United States of America
/title/tt0100519/,US,United States of America
/title/tt0206634/,US,United States of America
/title/tt0190590/,US,United States of America
/title/tt0014429/,US,United States of America
/title/tt0367110/,IN,India
/title/tt5013056/,NL,Netherlands
/title/tt0114787/,HU,Hungary
/title/tt0118799/,IT,Italy
/title/tt0102536/,DE,Germany
/title/tt7653254/,GB,United Kingdom
/title/tt0063522/,US,United States of America
/title/tt0054215/,US,United States of America
/title/tt0109707/,US,United States of America
/title/tt0031381/,US,United States of America
/title/tt0075148/,US,United States of America
/title/tt0034240/,US,United States of America
/title/tt0086190/,US,United States of America
/title/tt0114924/,US,United States of America
/title/tt1895587/,US,United States of America
/title/tt0120663/,US,United States of America
/title/tt0088846/,GB,United Kingdom
/title/tt0780536/,GB,United Kingdom
/title/tt0112818/,US,United States of America
/title/tt0037674/,FR,France
/title/tt0457430/,MX,Mexico
/title/tt0106332/,CN,China
/title/tt0032976/,US,United States of America
/title/tt0075314/,US,United States of America
/title/tt0499549/,GB,United Kingdom
/title/tt0071129/,IT,Italy
/title/tt0298228/,DE,Germany
/title/tt0374546/,DE,Germany
/title/tt0405159/,US,United States of America
/title/tt1979320/,US,United States of America
/title/tt1375666/,GB,United Kingdom
/title/tt1375666/,US,United States of America
/title/tt0058461/,DE,Germany
/title/tt0112471/,CH,Switzerland
/title/tt2106476/,FR,France
/title/tt0440963/,ES,Spain
/title/tt0102536/,GB,United Kingdom
/title/tt0103873/,NZ,New Zealand
/title/tt0097499/,GB,United Kingdom
/title/tt0116629/,US,United States of America
/title/tt0033870/,US,United States of America
/title/tt0117571/,US,United States of America
/title/tt0054331/,US,United States of America
/title/tt0108550/,US,United States of America
/title/tt1125849/,US,United States of America
/title/tt0120737/,NZ,New Zealand
/title/tt0084503/,GB,United Kingdom
/title/tt0138097/,US,United States of America
/title/tt2024544/,US,United States of America
/title/tt0125664/,JP,Japan
/title/tt0287467/,US,United States of America
/title/tt0190332/,HK,Hong Kong
/title/tt0109117/,IN,India
/title/tt0374887/,IN,India
/title/tt0047437/,US,United States of America
/title/tt0115736/,US,United States of America
/title/tt4729430/,ES,Spain
/title/tt4016934/,KR,South Korea
/title/tt0290334/,US,United States of America
/title/tt1832382/,AU,Australia
/title/tt0108394/,PL,Poland
/title/tt0369702/,ES,Spain
/title/tt0105151/,US,United States of America
/title/tt0040746/,US,United States of America
/title/tt3748528/,US,United States of America
/title/tt2096673/,US,United States of America
/title/tt0095765/,IT,Italy
/title/tt0095327/,JP,Japan
/title/tt0299977/,HK,Hong Kong
/title/tt0069293/,SU,Soviet Union
/title/tt0055031/,US,United States of America
/title/tt0116905/,US,United States of America
/title/tt0181865/,US,United States of America
/title/tt0071562/,US,United States of America
/title/tt10872600/,US,United States of America
/title/tt1877832/,US,United States of America
/title/tt0100150/,US,United States of America
/title/tt1220719/,HK,Hong Kong
/title/tt0083922/,FR,France
/title/tt0440963/,DE,Germany
/title/tt0168629/,IT,Italy
/title/tt0038787/,US,United States of America
/title/tt0076759/,US,United States of America
/title/tt0080455/,US,United States of America
/title/tt0056869/,US,United States of America
/title/tt0117509/,AU,Australia
/title/tt0060196/,IT,Italy
/title/tt0012349/,US,United States of America
/title/tt0060665/,GB,United Kingdom
/title/tt0045793/,US,United States of America
/title/tt0113627/,GB,United Kingdom
/title/tt0109759/,CA,Canada
/title/tt0091251/,SU,Soviet Union
/title/tt0374546/,KR,South Korea
/title/tt0087843/,US,United States of America
/title/tt0146882/,US,United States of America
/title/tt0363163/,IT,Italy
/title/tt0168629/,US,United States of America
/title/tt0129167/,US,United States of America
/title/tt0325980/,US,United States of America
/title/tt0048424/,US,United States of America
/title/tt0052618/,US,United States of America
/title/tt0040897/,US,United States of America
/title/tt0068473/,US,United States of America
/title/tt0172495/,GB,United Kingdom
/title/tt0120735/,US,United States of America
/title/tt5323662/,JP,Japan
/title/tt0071411/,SU,Soviet Union
/title/tt0031971/,US,United States of America
/title/tt0086373/,US,United States of America
/title/tt6155172/,GB,United Kingdom
/title/tt0059113/,GB,United Kingdom
/title/tt0095159/,GB,United Kingdom
/title/tt4154756/,US,United States of America
/title/tt0203009/,AU,Australia
/title/tt0407887/,US,United States of America
/title/tt0454876/,CA,Canada
/title/tt0039689/,US,United States of America
/title/tt0098258/,US,United States of America
/title/tt0061512/,US,United States of America
/title/tt0092005/,US,United States of America
/title/tt0106677/,US,United States of America
/title/tt0117731/,US,United States of America
/title/tt0029947/,US,United States of America
/title/tt0053125/,US,United States of America
/title/tt0081534/,US,United States of America
/title/tt0117802/,US,United States of America
/title/tt0060345/,US,United States of America
/title/tt0167260/,NZ,New Zealand
/title/tt0120663/,GB,United Kingdom
/title/tt0112818/,GB,United Kingdom
/title/tt0150662/,SE,Sweden
/title/tt0317248/,FR,France
/title/tt0395169/,US,United States of America
/title/tt0127536/,GB,United Kingdom
/title/tt0069281/,GB,United Kingdom
/title/tt0097202/,HK,Hong Kong
/title/tt0091763/,GB,United Kingdom
/title/tt1832382/,FR,France
/title/tt8267604/,FR,France
/title/tt0044081/,US,United States of America
/title/tt0080520/,US,United States of America
/title/tt0108065/,US,United States of America
/title/tt0067185/,US,United States of America
/title/tt0167261/,US,United States of America
/title/tt0120655/,US,United States of America
/title/tt0816692/,GB,United Kingdom
/title/tt0425112/,GB,United Kingdom
/title/tt0162346/,GB,United Kingdom
/title/tt0162346/,US,United States of America
/title/tt0106332/,HK,Hong Kong
/title/tt0079944/,SU,Soviet Union
/title/tt0086250/,US,United States of America
/title/tt0094336/,GB,United Kingdom
/title/tt0034583/,US,United States of America
/title/tt0298845/,US,United States of America
/title/tt0243133/,GB,United Kingdom
/title/tt0120684/,GB,United Kingdom
/title/tt0091605/,FR,France
/title/tt0101765/,PL,Poland
/title/tt2758880/,TR,Turkey
/title/tt0101458/,FR,France
/title/tt1136608/,NZ,New Zealand
/title/tt0253474/,DE,Germany
/title/tt0074896/,GB,United Kingdom
/title/tt0072890/,US,United States of America
/title/tt0038650/,US,United States of America
/title/tt0090605/,US,United States of America
/title/tt0107207/,IE,Ireland
/title/tt0078841/,DE,Germany
/title/tt1250777/,GB,United Kingdom
/title/tt0100519/,GB,United Kingdom
/title/tt1727824/,US,United States of America
/title/tt10272386/,FR,France
/title/tt0434409/,US,United States of America
/title/tt0245712/,MX,Mexico
/title/tt0054047/,US,United States of America
/title/tt0059113/,IT,Italy
/title/tt8579674/,US,United States of America
/title/tt0476735/,TR,Turkey
/title/tt0104684/,HK,Hong Kong
/title/tt0154420/,DK,Denmark
/title/tt0154420/,SE,Sweden
/title/tt0243133/,US,United States of America
/title/tt0112471/,US,United States of America
/title/tt0118843/,GR,Greece
/title/tt0168629/,FR,France
/title/tt0115640/,GB,United Kingdom
/title/tt0026029/,GB,United Kingdom
/title/tt0026138/,US,United States of America
/title/tt0100436/,US,United States of America
/title/tt0408236/,US,United States of America
/title/tt0060827/,SE,Sweden
/title/tt0101700/,FR,France
/title/tt0111495/,FR,France
/title/tt0056443/,JP,Japan
/title/tt0032599/,US,United States of America
/title/tt0046250/,US,United States of America
/title/tt0435761/,US,United States of America
/title/tt0102138/,US,United States of America
/title/tt0107048/,US,United States of America
/title/tt0095250/,IT,Italy
/title/tt0405508/,IN,India
/title/tt8613070/,FR,France
/title/tt0091763/,US,United States of America
/title/tt0056801/,FR,France
/title/tt0168629/,NL,Netherlands
/title/tt0121766/,US,United States of America
/title/tt0050083/,US,United States of America
/title/tt0032551/,US,United States of America
/title/tt0129387/,US,United States of America
/title/tt0105695/,US,United States of America
/title/tt1659337/,US,United States of America
/title/tt0053604/,US,United States of America
/title/tt0117589/,GB,United Kingdom
/title/tt0150662/,DK,Denmark
/title/tt0020530/,FR,France
/title/tt0107943/,US,United States of America
/title/tt2278388/,DE,Germany
/title/tt0062622/,US,United States of America
/title/tt0048473/,IN,India
/title/tt0022100/,DE,Germany
/title/tt0046359/,US,United States of America
/title/tt0068327/,US,United States of America
/title/tt0020629/,US,United States of America
/title/tt0065234/,DZ,Algeria
/title/tt0118715/,US,United States of America
/title/tt0120324/,US,United States of America
/title/tt2015381/,US,United States of America
/title/tt0058385/,US,United States of America
/title/tt1049413/,US,United States of America
/title/tt0257044/,US,United States of America
/title/tt0059026/,US,United States of America
/title/tt3783958/,US,United States of America
/title/tt5027774/,US,United States of America
/title/tt0103130/,GB,United Kingdom
/title/tt0434409/,GB,United Kingdom
/title/tt0060196/,US,United States of America
/title/tt0047478/,JP,Japan
/title/tt5311514/,JP,Japan
/title/tt0113277/,US,United States of America
/title/tt0069704/,US,United States of America
/title/tt0208092/,US,United States of America
/title/tt0062622/,GB,United Kingdom
/title/tt0848228/,US,United States of America
/title/tt0092593/,FR,France
/title/tt0111507/,CH,Switzerland
/title/tt0118694/,NL,Netherlands
/title/tt1856101/,US,United States of America
/title/tt0475276/,GB,United Kingdom
/title/tt2106476/,BE,Belgium
/title/tt0096332/,US,United States of America
/title/tt0047296/,US,United States of America
/title/tt0108122/,US,United States of America
/title/tt0116477/,US,United States of America
/title/tt0057012/,US,United States of America
/title/tt0120630/,FR,France
/title/tt3011894/,AR,Argentina
/title/tt0095250/,FR,France
/title/tt1010048/,GB,United Kingdom
/title/tt1160419/,US,United States of America
/title/tt0120815/,US,United States of America
/title/tt0056923/,US,United States of America
/title/tt0093191/,FR,France
/title/tt0120802/,CA,Canada
/title/tt0118843/,YU,Yugoslavia
/title/tt8267604/,GB,United Kingdom
/title/tt0102536/,JP,Japan
/title/tt0114011/,US,United States of America
/title/tt0061811/,US,United States of America
/title/tt0115751/,ES,Spain
/title/tt1205489/,US,United States of America
/title/tt0112431/,AU,Australia
/title/tt1250777/,US,United States of America
/title/tt0312004/,GB,United Kingdom
/title/tt0081505/,GB,United Kingdom
/title/tt0091480/,FR,France
/title/tt0062229/,FR,France
/title/tt0111495/,CH,Switzerland
/title/tt1305806/,ES,Spain
/title/tt1675434/,FR,France
/title/tt0381061/,US,United States of America
/title/tt0108399/,FR,France
/title/tt0107290/,US,United States of America
/title/tt6155172/,US,United States of America
/title/tt0112697/,US,United States of America
/title/tt0120188/,US,United States of America
/title/tt0375679/,US,United States of America
/title/tt0043265/,US,United States of America
/title/tt0077416/,US,United States of America
/title/tt0110877/,IT,Italy
/title/tt0454876/,US,United States of America
/title/tt0119164/,GB,United Kingdom
/title/tt0117913/,US,United States of America
/title/tt0088763/,US,United States of America
/title/tt0113862/,US,United States of America
/title/tt0117128/,US,United States of America
/title/tt0266543/,US,United States of America
/title/tt0094006/,US,United States of America
/title/tt0092106/,JP,Japan
/title/tt0230600/,FR,France
/title/tt0401383/,FR,France
/title/tt0111495/,PL,Poland
/title/tt0115678/,US,United States of America
/title/tt0090967/,DE,Germany
/title/tt0078748/,GB,United Kingdom
/title/tt0367110/,US,United States of America
/title/tt0113627/,FR,France
/title/tt0130827/,DE,Germany
/title/tt0353969/,KR,South Korea
/title/tt0119177/,US,United States of America
/title/tt0045061/,US,United States of America
/title/tt0119008/,US,United States of America
/title/tt0112817/,DE,Germany
/title/tt0095631/,US,United States of America
/title/tt0063442/,US,United States of America
/title/tt0080678/,US,United States of America
/title/tt0469494/,US,United States of America
/title/tt0109045/,AU,Australia
/title/tt10272386/,GB,United Kingdom
/title/tt3170832/,US,United States of America
/title/tt0287467/,ES,Spain
/title/tt0035446/,US,United States of America
/title/tt0395169/,ZA,South Africa
/title/tt0070511/,US,United States of America
/title/tt0358273/,US,United States of America
/title/tt6966692/,US,United States of America
/title/tt0101765/,FR,France
/title/tt2119532/,CN,China
/title/tt0112682/,DE,Germany
/title/tt0454876/,TW,Taiwan
/title/tt0168629/,DE,Germany
/title/tt0117318/,US,United States of America
/title/tt0056217/,US,United States of America
/title/tt0092991/,US,United States of America
/title/tt0109445/,US,United States of America
/title/tt0091203/,GB,United Kingdom
/title/tt0308644/,GB,United Kingdom
/title/tt0099334/,FR,France
/title/tt0059578/,ES,Spain
/title/tt0245429/,JP,Japan
/title/tt0063462/,US,United States of America
/title/tt0993846/,US,United States of America
/title/tt3076658/,US,United States of America
/title/tt0114814/,US,United States of America
/title/tt0058461/,ES,Spain
/title/tt0108394/,CH,Switzerland
/title/tt0056801/,IT,Italy
/title/tt0091042/,US,United States of America
/title/tt0780504/,US,United States of America
/title/tt0046912/,US,United States of America
/title/tt0088258/,US,United States of America
/title/tt1345836/,US,United States of America
/title/tt0115751/,FR,France
/title/tt0116409/,US,United States of America
/title/tt0116282/,US,United States of America
/title/tt2024544/,GB,United Kingdom
/title/tt1392190/,US,United States of America
/title/tt0096283/,JP,Japan
/title/tt0166924/,FR,France
/title/tt5013056/,GB,United Kingdom
/title/tt0082269/,FR,France
/title/tt0298228/,NZ,New Zealand
/title/tt0119116/,US,United States of America
/title/tt0468569/,GB,United Kingdom
/title/tt0058461/,IT,Italy
/title/tt0101458/,AU,Australia
/title/tt0335266/,JP,Japan
/title/tt0083658/,HK,Hong Kong
/title/tt0053779/,IT,Italy
/title/tt0203230/,US,United States of America
/title/tt0042041/,US,United States of America
/title/tt0049223/,US,United States of America
/title/tt0119217/,US,United States of America
/title/tt0070735/,US,United States of America
/title/tt0137523/,US,United States of America
/title/tt0115751/,NL,Netherlands
/title/tt0482571/,GB,United Kingdom
/title/tt0107616/,GB,United Kingdom
/title/tt0116477/,GB,United Kingdom
/title/tt3170832/,GB,United Kingdom
/title/tt0060196/,DE,Germany
/title/tt0457430/,ES,Spain
/title/tt0021749/,US,United States of America
/title/tt0061184/,US,United States of America
/title/tt8503618/,US,United States of America
/title/tt0087884/,FR,France
/title/tt0087884/,GB,United Kingdom
/title/tt0078788/,US,United States of America
/title/tt0110005/,NZ,New Zealand
/title/tt2948356/,US,United States of America
/title/tt0036868/,US,United States of America
/title/tt0133093/,US,United States of America
/title/tt0105236/,US,United States of America
/title/tt0824747/,US,United States of America
/title/tt0064116/,US,United States of America
/title/tt1504320/,GB,United Kingdom
/title/tt1504320/,US,United States of America
/title/tt5027774/,GB,United Kingdom
/title/tt0088846/,US,United States of America
/title/tt1954470/,IN,India
/title/tt5074352/,US,United States of America
/title/tt0064665/,US,United States of America
/title/tt0986264/,IN,India
/title/tt0044706/,US,United States of America
/title/tt0978762/,AU,Australia
/title/tt0040725/,GB,United Kingdom
/title/tt0054698/,US,United States of America
/title/tt0088794/,US,United States of America
/title/tt2991224/,EE,Estonia
/title/tt0093389/,GB,United Kingdom
/title/tt0369702/,US,United States of America
/title/tt0440963/,US,United States of America
/title/tt2119532/,AU,Australia
/title/tt8267604/,CY,Cyprus
/title/tt0454876/,IN,India
/title/tt0168629/,IS,Iceland
/title/tt0119229/,US,United States of America
/title/tt0058331/,US,United States of America
/title/tt0132477/,US,United States of America
/title/tt0102926/,US,United States of America
/title/tt0119488/,US,United States of America
/title/tt0796366/,US,United States of America
/title/tt0056218/,US,United States of America
/title/tt0091203/,US,United States of America
/title/tt1454468/,US,United States of America
/title/tt0114478/,US,United States of America
/title/tt0089606/,SE,Sweden
/title/tt4857264/,ES,Spain
/title/tt0050613/,JP,Japan
/title/tt0010323/,DE,Germany
/title/tt0073707/,IN,India
/title/tt0072431/,US,United States of America
/title/tt0055614/,US,United States of America
/title/tt0166924/,US,United States of America
/title/tt0325710/,US,United States of America
/title/tt0378194/,US,United States of America
/title/tt0758758/,US,United States of America
/title/tt0065214/,US,United States of America
/title/tt0065234/,FR,France
/title/tt0468569/,US,United States of America
/title/tt0073341/,GB,United Kingdom
/title/tt0068182/,DE,Germany
/title/tt0363163/,DE,Germany
/title/tt0093389/,IT,Italy
/title/tt0112691/,GB,United Kingdom
/title/tt0272338/,US,United States of America
/title/tt0029583/,US,United States of America
/title/tt0081398/,US,United States of America
/title/tt0038355/,US,United States of America
/title/tt0029843/,US,United States of America
/title/tt0024216/,US,United States of America
/title/tt0078841/,US,United States of America
/title/tt0066921/,GB,United Kingdom
/title/tt3170832/,CA,Canada
/title/tt0040522/,IT,Italy
/title/tt0119698/,JP,Japan
/title/tt2380307/,US,United States of America
/title/tt0052311/,US,United States of America
/title/tt1065073/,US,United States of America
/title/tt0100263/,FR,France
/title/tt0082971/,US,United States of America
/title/tt0050212/,GB,United Kingdom
/title/tt0083922/,SE,Sweden
/title/tt0120802/,GB,United Kingdom
/title/tt0093389/,FR,France
/title/tt0037558/,GB,United Kingdom
/title/tt0115956/,US,United States of America
/title/tt0065988/,US,United States of America
/title/tt0180093/,US,United States of America
/title/tt0090756/,US,United States of America
/title/tt0116409/,DE,Germany
/title/tt0120735/,GB,United Kingdom
/title/tt10272386/,US,United States of America
/title/tt0062229/,IT,Italy
/title/tt0382932/,US,United States of America
/title/tt0119654/,US,United States of America
/title/tt0462322/,US,United States of America
/title/tt0498380/,JP,Japan
/title/tt0083987/,US,United States of America
/title/tt0100263/,IT,Italy
/title/tt0095159/,US,United States of America
/title/tt0113326/,HK,Hong Kong
/title/tt0066206/,US,United States of America
/title/tt0119174/,US,United States of America
/title/tt0046268/,FR,France
/title/tt0068182/,PE,Peru
/title/tt0111507/,FR,France
/title/tt0112471/,AT,Austria
/title/tt0083658/,US,United States of America
/title/tt0401792/,US,United States of America
/title/tt0112384/,US,United States of America
/title/tt0080684/,US,United States of America
/title/tt0061809/,US,United States of America
/title/tt0338013/,US,United States of America
/title/tt0166896/,US,United States of America
/title/tt0066921/,US,United States of America
/title/tt0425112/,US,United States of America
/title/tt0190590/,FR,France
/title/tt3170832/,IE,Ireland
/title/tt1139797/,SE,Sweden
/title/tt0059578/,DE,Germany
/title/tt0059578/,IT,Italy
/title/tt1069238/,JP,Japan
/title/tt0057565/,JP,Japan
/title/tt0242519/,IN,India
/title/tt0091867/,GB,United Kingdom
/title/tt0358273/,DE,Germany
/title/tt10280296/,RU,Russia
/title/tt8579674/,ES,Spain
/title/tt0095250/,US,United States of America
/title/tt1302006/,US,United States of America
/title/tt0167404/,US,United States of America
/title/tt0084787/,CA,Canada
/title/tt0335266/,GB,United Kingdom
/title/tt1856101/,GB,United Kingdom
/title/tt0475276/,US,United States of America
/title/tt2106476/,DK,Denmark
/title/tt0168629/,FI,Finland
/title/tt0276919/,DK,Denmark
/title/tt0319061/,US,United States of America
/title/tt0061418/,US,United States of America
/title/tt1201607/,GB,United Kingdom
/title/tt0114478/,DE,Germany
/title/tt0434409/,DE,Germany
/title/tt0085809/,US,United States of America
/title/tt0119094/,US,United States of America
/title/tt0053946/,US,United States of America
/title/tt0498380/,US,United States of America
/title/tt0947798/,US,United States of America
/title/tt0113627/,US,United States of America
/title/tt0058946/,IT,Italy
/title/tt0087843/,IT,Italy
/title/tt0405159/,CH,Switzerland
/title/tt1979320/,GB,United Kingdom
/title/tt8267604/,LB,Lebanon
/title/tt0361748/,DE,Germany
/title/tt0074896/,LY,Libyan Arab Jamahiriya
/title/tt2582802/,US,United States of America
/title/tt0113749/,US,United States of America
/title/tt0061852/,US,United States of America
/title/tt0117500/,US,United States of America
/title/tt0467406/,US,United States of America
/title/tt0097123/,US,United States of America
/title/tt0048545/,US,United States of America
/title/tt0115751/,NO,Norway
/title/tt0097937/,IE,Ireland
/title/tt0085334/,CA,Canada
/title/tt0057012/,GB,United Kingdom
/title/tt0230600/,US,United States of America
/title/tt0190590/,GB,United Kingdom
/title/tt0045274/,IT,Italy
/title/tt0044741/,JP,Japan
/title/tt0317248/,DE,Germany
/title/tt0017925/,US,United States of America
/title/tt0381681/,US,United States of America
/title/tt0086373/,CA,Canada
/title/tt0317705/,US,United States of America
/title/tt0181865/,DE,Germany
/title/tt0147612/,US,United States of America
/title/tt0364569/,KR,South Korea
/title/tt0110367/,US,United States of America
/title/tt1024648/,GB,United Kingdom
/title/tt0101458/,DE,Germany
/title/tt0107688/,US,United States of America
/title/tt0049833/,US,United States of America
/title/tt0169547/,US,United States of America
/title/tt0101921/,US,United States of America
/title/tt0381849/,US,United States of America
/title/tt0120655/,GB,United Kingdom
/title/tt0117509/,MX,Mexico
/title/tt0095765/,FR,France
/title/tt0042876/,JP,Japan
/title/tt0051201/,US,United States of America
/title/tt0032904/,US,United States of America
/title/tt0104257/,US,United States of America
/title/tt0103064/,US,United States of America
/title/tt0087884/,DE,Germany
/title/tt0120689/,US,United States of America
/title/tt0099685/,US,United States of America
/title/tt0110413/,FR,France
/title/tt1821480/,IN,India
/title/tt0112573/,US,United States of America
/title/tt0118694/,HK,Hong Kong
/title/tt0111149/,GB,United Kingdom
/title/tt0117951/,GB,United Kingdom
/title/tt0027977/,US,United States of America
/title/tt2948372/,US,United States of America
/title/tt0268978/,US,United States of America
/title/tt0109045/,US,United States of America
/title/tt0112431/,US,United States of America
/title/tt0249462/,GB,United Kingdom
/title/tt0125664/,DE,Germany
/title/tt0101640/,HK,Hong Kong
/title/tt0048021/,FR,France
/title/tt0116231/,TR,Turkey
/title/tt0110912/,US,United States of America
/title/tt1255953/,FR,France
/title/tt0407887/,HK,Hong Kong
/title/tt0050212/,US,United States of America
/title/tt0120684/,US,United States of America
/title/tt0091605/,DE,Germany
/title/tt0120802/,IT,Italy
/title/tt0253474/,FR,France
/title/tt0253474/,PL,Poland
/title/tt0118843/,AT,Austria
/title/tt0361748/,FR,France
/title/tt0036342/,US,United States of America
/title/tt0114709/,US,United States of America
/title/tt0092106/,US,United States of America
/title/tt0100436/,CA,Canada
/title/tt3783958/,HK,Hong Kong
/title/tt0167260/,US,United States of America
/title/tt0765429/,US,United States of America
/title/tt0114478/,JP,Japan
/title/tt1392190/,AU,Australia
/title/tt0299977/,CN,China
/title/tt1555149/,BR,Brazil
/title/tt0268126/,US,United States of America
/title/tt0208092/,GB,United Kingdom
/title/tt3417422/,IN,India
/title/tt0117631/,AU,Australia
/title/tt0266697/,US,United States of America
/title/tt0049730/,US,United States of America
/title/tt0185125/,FR,France
/title/tt0093191/,DE,Germany
/title/tt0112817/,JP,Japan
/title/tt0369702/,IT,Italy
/title/tt0074896/,LB,Lebanon
/title/tt0092610/,NZ,New Zealand
/title/tt0049406/,US,United States of America
/title/tt0093822/,US,United States of America
/title/tt0198781/,US,United States of America
/title/tt0112641/,FR,France
/title/tt0094947/,GB,United Kingdom
/title/tt0094947/,US,United States of America
/title/tt0308644/,US,United States of America
/title/tt0312004/,US,United States of America
/title/tt0101640/,CN,China
/title/tt0013442/,DE,Germany
/title/tt1130884/,US,United States of America
/title/tt2278388/,US,United States of America
/title/tt0036244/,US,United States of America
/title/tt3315342/,US,United States of America
/title/tt0114787/,YU,Yugoslavia
/title/tt1187043/,IN,India
/title/tt6751668/,KR,South Korea
/title/tt4154796/,US,United States of America
/title/tt0185125/,ES,Spain
/title/tt0111507/,PL,Poland
/title/tt0097223/,YU,Yugoslavia
/title/tt0118843/,DE,Germany
/title/tt0361748/,US,United States of America
/title/tt0276919/,NO,Norway
/title/tt0038574/,GB,United Kingdom
/title/tt0120789/,US,United States of America
/title/tt0052561/,US,United States of America
/title/tt0117887/,US,United States of America
/title/tt0046816/,US,United States of America
/title/tt0064116/,IT,Italy
/title/tt0077402/,US,United States of America
/title/tt7286456/,US,United States of America
/title/tt0107616/,US,United States of America
/title/tt0092067/,JP,Japan
/title/tt5074352/,IN,India
/title/tt0783233/,GB,United Kingdom
/title/tt0395169/,IT,Italy
/title/tt0087553/,GB,United Kingdom
/title/tt1022603/,US,United States of America
/title/tt0097576/,US,United States of America
/title/tt0405094/,DE,Germany
/title/tt2119532/,GB,United Kingdom
/title/tt0112682/,GB,United Kingdom
/title/tt0181875/,US,United States of America
/title/tt1454029/,IN,India
/title/tt0060196/,ES,Spain
/title/tt0067116/,US,United States of America
/title/tt0103064/,FR,France
/title/tt0086197/,US,United States of America
/title/tt0871510/,AU,Australia
/title/tt0110729/,NZ,New Zealand
/title/tt0086879/,US,United States of America
/title/tt0119116/,FR,France
/title/tt0146882/,GB,United Kingdom
/title/tt0118715/,GB,United Kingdom
/title/tt0102536/,FR,France
/title/tt0276919/,NL,Netherlands
/title/tt0276919/,SE,Sweden
/title/tt0114388/,GB,United Kingdom
/title/tt0054997/,US,United States of America
/title/tt0117333/,US,United States of America
/title/tt0115751/,GB,United Kingdom
/title/tt0107207/,GB,United Kingdom
/title/tt1170358/,US,United States of America
/title/tt0482571/,US,United States of America
/title/tt0017136/,DE,Germany
/title/tt0015324/,US,United States of America
/title/tt0783233/,FR,France
/title/tt0088247/,GB,United Kingdom
/title/tt0105488/,AU,Australia
/title/tt8108198/,IN,India
/title/tt0110413/,US,United States of America
/title/tt4633694/,US,United States of America
/title/tt0084787/,US,United States of America
/title/tt2209418/,GR,Greece
/title/tt0375063/,US,United States of America
/title/tt0298845/,IE,Ireland
/title/tt1136608/,US,United States of America
/title/tt0083658/,GB,United Kingdom
/title/tt0106977/,US,United States of America
/title/tt0031679/,US,United States of America
/title/tt0025316/,US,United States of America
/title/tt0209144/,US,United States of America
/title/tt0780536/,US,United States of America
/title/tt1655442/,BE,Belgium
/title/tt0292490/,IN,India
/title/tt0126886/,US,United States of America
/title/tt2209418/,US,United States of America
/title/tt0375679/,DE,Germany
/title/tt0369702/,FR,France
/title/tt0074896/,MA,Morocco
/title/tt0051036/,US,United States of America
/title/tt0025878/,US,United States of America
/title/tt0110357/,US,United States of America
/title/tt0116908/,US,United States of America
/title/tt0892769/,US,United States of America
/title/tt0340377/,US,United States of America
/title/tt0042546/,US,United States of America
/title/tt0120176/,US,United States of America
/title/tt0910970/,US,United States of America
/title/tt0119349/,US,United States of America
/title/tt0167261/,NZ,New Zealand
/title/tt0099348/,GB,United Kingdom
/title/tt0117509/,US,United States of America
/title/tt0317248/,BR,Brazil
/title/tt0108358/,US,United States of America
/title/tt0090329/,US,United States of America
/title/tt0026778/,US,United States of America
/title/tt0499549/,US,United States of America
/title/tt0044079/,US,United States of America
/title/tt0074119/,US,United States of America
/title/tt0046438/,JP,Japan
/title/tt10280296/,IN,India
/title/tt0114787/,DE,Germany
/title/tt0082432/,AU,Australia
/title/tt0118884/,US,United States of America
/title/tt0057115/,US,United States of America
/title/tt1255953/,CA,Canada
/title/tt0072684/,GB,United Kingdom
/title/tt0091605/,IT,Italy
/title/tt0074896/,KW,Kuwait
/title/tt0083866/,US,United States of America
/title/tt0073486/,US,United States of America
/title/tt0327056/,US,United States of America
/title/tt0117589/,FR,France
/title/tt0085334/,US,United States of America
/title/tt1170358/,NZ,New Zealand
/title/tt0166896/,GB,United Kingdom
/title/tt0408236/,GB,United Kingdom
/title/tt0116282/,GB,United Kingdom
/title/tt1454468/,GB,United Kingdom
/title/tt0249462/,US,United States of America
/title/tt0019254/,FR,France
/title/tt0097165/,US,United States of America
/title/tt0264464/,US,United States of America
/title/tt0325710/,JP,Japan
/title/tt0082096/,DE,Germany
/title/tt0338564/,HK,Hong Kong
/title/tt0030341/,GB,United Kingdom
/title/tt0070047/,US,United States of America
/title/tt2106476/,SE,Sweden
/title/tt0276919/,DE,Germany
/title/tt0120255/,CA,Canada
/title/tt0063227/,GB,United Kingdom
/title/tt0061722/,US,United States of America
/title/tt0040724/,US,United States of America
/title/tt0099077/,US,United States of America
/title/tt0093779/,US,United States of America
/title/tt0045152/,US,United States of America
/title/tt0109830/,US,United States of America
/title/tt0117438/,US,United States of America
/title/tt0158983/,US,United States of America
/title/tt0903624/,US,United States of America
/title/tt0099348/,US,United States of America
/title/tt0206634/,GB,United Kingdom
/title/tt0081505/,US,United States of America
/title/tt1454029/,US,United States of America
/title/tt3011894/,ES,Spain
/title/tt0169858/,JP,Japan
/title/tt0056058/,JP,Japan
/title/tt0015648/,SU,Soviet Union
/title/tt0108399/,US,United States of America
/title/tt0102138/,FR,France
/title/tt0120601/,US,United States of America
/title/tt1028532/,US,United States of America
/title/tt0056172/,GB,United Kingdom
/title/tt0181689/,US,United States of America
/title/tt0058946/,DZ,Algeria
/title/tt0375063/,HU,Hungary
/title/tt0101765/,NO,Norway
/title/tt0053779/,FR,France
/title/tt0074896/,SA,Saudi Arabia
/title/tt0037008/,US,United States of America
/title/tt0120586/,US,United States of America
/title/tt0021884/,US,United States of America
/title/tt0109506/,US,United States of America
/title/tt0333766/,US,United States of America
/title/tt0111161/,US,United States of America
/title/tt0120623/,US,United States of America
/title/tt0115751/,DK,Denmark
/title/tt1201607/,US,United States of America
/title/tt0970179/,FR,France
/title/tt0365748/,GB,United Kingdom
/title/tt0365748/,US,United States of America
/title/tt0162346/,DE,Germany
/title/tt6148156/,IN,India
/title/tt1655442/,FR,France
/title/tt0871510/,IN,India
/title/tt0175880/,US,United States of America
/title/tt5013056/,FR,France
/title/tt0095016/,US,United States of America
/title/tt0450259/,US,United States of America
/title/tt0116209/,US,United States of America
/title/tt0068182/,MX,Mexico
/title/tt1856101/,CA,Canada
/title/tt0102536/,US,United States of America
/title/tt0112302/,US,United States of America
/title/tt0088847/,US,United States of America
/title/tt0053291/,US,United States of America
/title/tt1727824/,GB,United Kingdom
/title/tt0120630/,GB,United Kingdom
/title/tt0094625/,JP,Japan
/title/tt0055630/,JP,Japan
/title/tt1280558/,IN,India
/title/tt1028532/,GB,United Kingdom
/title/tt10280296/,GB,United Kingdom
/title/tt0083987/,IN,India
/title/tt0114787/,BG,Bulgaria
/title/tt0091288/,FR,France
/title/tt0041959/,GB,United Kingdom
/title/tt0058150/,GB,United Kingdom
/title/tt1950186/,US,United States of America
/title/tt2543164/,US,United States of America
/title/tt2758880/,DE,Germany
/title/tt0097223/,IT,Italy
/title/tt0454876/,GB,United Kingdom
/title/tt0168629/,GB,United Kingdom
/title/tt0057129/,GB,United Kingdom
/title/tt0107653/,GB,United Kingdom
/title/tt0106308/,US,United States of America
/title/tt0171804/,US,United States of America
/title/tt2488496/,US,United States of America
/title/tt0071360/,US,United States of America
/title/tt0097441/,US,United States of America
/title/tt0114369/,US,United States of America
/title/tt1403865/,US,United States of America
/title/tt0094226/,US,United States of America
/title/tt0112641/,US,United States of America
/title/tt0073629/,GB,United Kingdom
/title/tt0230600/,ES,Spain
/title/tt1305806/,AR,Argentina
/title/tt0089881/,FR,France
/title/tt0075686/,US,United States of America
/title/tt0053198/,FR,France
/title/tt0032553/,US,United States of America
/title/tt0211915/,DE,Germany
/title/tt0450259/,DE,Germany
/title/tt0475276/,FR,France
/title/tt0093389/,CN,China
/title/tt0168629/,SE,Sweden
/title/tt0070510/,US,United States of America
/title/tt0117665/,US,United States of America
/title/tt0033467/,US,United States of America
/title/tt0139239/,US,United States of America
/title/tt1895587/,CA,Canada
/title/tt1205489/,DE,Germany
/title/tt1392190/,ZA,South Africa
/title/tt1139797/,FR,France
/title/tt0066763/,IN,India
/title/tt0053221/,US,United States of America
/title/tt0043456/,US,United States of America
/title/tt0078748/,US,United States of America
/title/tt0043338/,US,United States of America
/title/tt0077711/,DE,Germany
/title/tt0110877/,FR,France
/title/tt0363163/,AT,Austria
/title/tt0118694/,FR,France
/title/tt0276919/,FR,France
/title/tt0077975/,US,United States of America
/title/tt1013753/,US,United States of America
/title/tt0047396/,US,United States of America
/title/tt1392214/,US,United States of America
/title/tt0074958/,US,United States of America
/title/tt0103130/,US,United States of America
/title/tt1454029/,AE,United Arab Emirates
/title/tt0038348/,FR,France
/title/tt0050783/,IT,Italy
/title/tt0050783/,FR,France
/title/tt7060344/,IN,India
/title/tt0018455/,US,United States of America
/title/tt0381061/,CZ,Czech Republic
/title/tt0127536/,US,United States of America
/title/tt0325710/,NZ,New Zealand
/title/tt8579674/,IN,India