imdb_id,category
/title/tt0049406/,Drama
/title/tt0119177/,Drama
/title/tt0042192/,Drama
/title/tt0116905/,Drama
/title/tt0018455/,Drama
/title/tt0106332/,Drama
/title/tt1639426/,Drama
/title/tt0032551/,Drama
/title/tt0036868/,Drama
/title/tt0040725/,Drama
/title/tt0765429/,Drama
/title/tt0120684/,Drama
/title/tt0048021/,Drama
/title/tt0068646/,Drama
/title/tt0077711/,Drama
/title/tt1205489/,Drama
/title/tt0245574/,Drama
/title/tt0298228/,Drama
/title/tt0063522/,Drama
/title/tt0095327/,Drama
/title/tt0315733/,Drama
/title/tt0057565/,Drama
/title/tt0457430/,Drama
/title/tt0046816/,Drama
/title/tt0105265/,Drama
/title/tt0071562/,Drama
/title/tt0086250/,Drama
/title/tt0130827/,Drama
/title/tt0097351/,Drama
/title/tt0381681/,Drama
/title/tt0038787/,Drama
/title/tt0043338/,Drama
/title/tt0044741/,Drama
/title/tt0116583/,Drama
/title/tt0060665/,Drama
/title/tt0053946/,Drama
/title/tt0171804/,Drama
/title/tt1302006/,Drama
/title/tt0327056/,Drama
/title/tt1392214/,Drama
/title/tt0169547/,Drama
/title/tt0037674/,Drama
/title/tt0287467/,Drama
/title/tt0115678/,Drama
/title/tt0079944/,Drama
/title/tt0074958/,Drama
/title/tt10272386/,Drama
/title/tt0253474/,Drama
/title/tt4430212/,Drama
/title/tt0093191/,Drama
/title/tt0115751/,Drama
/title/tt0056218/,Drama
/title/tt0120255/,Drama
/title/tt5323662/,Drama
/title/tt0072890/,Drama
/title/tt0042876/,Drama
/title/tt0051201/,Drama
/title/tt0243133/,Drama
/title/tt8613070/,Drama
/title/tt0405094/,Drama
/title/tt0203230/,Drama
/title/tt0358273/,Drama
/title/tt0066206/,Drama
/title/tt0108065/,Drama
/title/tt0046911/,Drama
/title/tt0113247/,Drama
/title/tt0093389/,Drama
/title/tt1285016/,Drama
/title/tt0308644/,Drama
/title/tt0096332/,Drama
/title/tt0071360/,Drama
/title/tt0032976/,Drama
/title/tt0034583/,Drama
/title/tt0074896/,Drama
/title/tt1024648/,Drama
/title/tt0117665/,Drama
/title/tt0108550/,Drama
/title/tt0091251/,Drama
/title/tt0075860/,Drama
/title/tt1255953/,Drama
/title/tt0090329/,Drama
/title/tt0050976/,Drama
/title/tt0117509/,Drama
/title/tt0050613/,Drama
/title/tt0037884/,Drama
/title/tt0132477/,Drama
/title/tt2024544/,Drama
/title/tt0118694/,Drama
/title/tt0058385/,Drama
/title/tt0137523/,Drama
/title/tt0101640/,Drama
/title/tt1305806/,Drama
/title/tt1454468/,Drama
/title/tt0081534/,Drama
/title/tt0107207/,Drama
/title/tt0113627/,Drama
/title/tt0080678/,Drama
/title/tt0097441/,Drama
/title/tt0353969/,Drama
/title/tt3417422/,Drama
/title/tt0055614/,Drama
/title/tt0317248/,Drama
/title/tt0050783/,Drama
/title/tt1727824/,Drama
/title/tt8503618/,Drama
/title/tt0114558/,Drama
/title/tt0102926/,Drama
/title/tt0117913/,Drama
/title/tt2543164/,Drama
/title/tt2106476/,Drama
/title/tt0986264/,Drama
/title/tt0068327/,Drama
/title/tt0086879/,Drama
/title/tt0268978/,Drama
/title/tt0407887/,Drama
/title/tt0181865/,Drama
/title/tt0298845/,Drama
/title/tt0043456/,Drama
/title/tt0045793/,Drama
/title/tt0109830/,Drama
/title/tt0108052/,Drama
/title/tt0052311/,Drama
/title/tt0101507/,Drama
/title/tt0031381/,Drama
/title/tt0048473/,Drama
/title/tt0374546/,Drama
/title/tt0108394/,Drama
/title/tt0063227/,Drama
/title/tt0061512/,Drama
/title/tt0113862/,Drama
/title/tt0073486/,Drama
/title/tt0120176/,Drama
/title/tt0116477/,Drama
/title/tt0110367/,Drama
/title/tt0078788/,Drama
/title/tt0401383/,Drama
/title/tt2084970/,Drama
/title/tt0065234/,Drama
/title/tt0408236/,Drama
/title/tt0091605/,Drama
/title/tt0070511/,Drama
/title/tt0064115/,Drama
/title/tt0095765/,Drama
/title/tt0040724/,Drama
/title/tt0075148/,Drama
/title/tt0119008/,Drama
/title/tt0203009/,Drama
/title/tt4016934/,Drama
/title/tt0118849/,Drama
/title/tt0050825/,Drama
/title/tt1065073/,Drama
/title/tt0477348/,Drama
/title/tt0947798/,Drama
/title/tt0061184/,Drama
/title/tt1659337/,Drama
/title/tt0040522/,Drama
/title/tt0367110/,Drama
/title/tt0140352/,Drama
/title/tt0169102/,Drama
/title/tt0054997/,Drama
/title/tt0087553/,Drama
/title/tt0395169/,Drama
/title/tt0105236/,Drama
/title/tt0105695/,Drama
/title/tt0091867/,Drama
/title/tt2991224/,Drama
/title/tt0047296/,Drama
/title/tt0088846/,Drama
/title/tt0119349/,Drama
/title/tt0109759/,Drama
/title/tt0044706/,Drama
/title/tt0044081/,Drama
/title/tt1454029/,Drama
/title/tt0249462/,Drama
/title/tt0046438/,Drama
/title/tt0045274/,Drama
/title/tt0060107/,Drama
/title/tt0166896/,Drama
/title/tt2119532/,Drama
/title/tt7286456/,Drama
/title/tt0036775/,Drama
/title/tt2267998/,Drama
/title/tt0871510/,Drama
/title/tt0082096/,Drama
/title/tt0044008/,Drama
/title/tt0112573/,Drama
/title/tt0040746/,Drama
/title/tt15097216/,Drama
/title/tt0066763/,Drama
/title/tt0180093/,Drama
/title/tt5311514/,Drama
/title/tt0116209/,Drama
/title/tt0405159/,Drama
/title/tt0120815/,Drama
/title/tt0338013/,Drama
/title/tt0020629/,Drama
/title/tt0185125/,Drama
/title/tt0056592/,Drama
/title/tt0048545/,Drama
/title/tt0120338/,Drama
/title/tt0101765/,Drama
/title/tt0038348/,Drama
/title/tt0111161/,Drama
/title/tt0059742/,Drama
/title/tt0264464/,Drama
/title/tt0062229/,Drama
/title/tt0107943/,Drama
/title/tt0069293/,Drama
/title/tt0111495/,Drama
/title/tt0050986/,Drama
/title/tt0091480/,Drama
/title/tt0114369/,Drama
/title/tt0087843/,Drama
/title/tt0117666/,Drama
/title/tt0154420/,Drama
/title/tt0084503/,Drama
/title/tt0028950/,Drama
/title/tt0127536/,Drama
/title/tt0110889/,Drama
/title/tt0783233/,Drama
/title/tt0094947/,Drama
/title/tt0476735/,Drama
/title/tt0118884/,Drama
/title/tt0120663/,Drama
/title/tt0095953/,Drama
/title/tt1895587/,Drama
/title/tt0112818/,Drama
/title/tt0094226/,Drama
/title/tt0120689/,Drama
/title/tt0375679/,Drama
/title/tt0047528/,Drama
/title/tt0015648/,Drama
/title/tt7060344/,Drama
/title/tt0245712/,Drama
/title/tt3170832/,Drama
/title/tt0093058/,Drama
/title/tt0120802/,Drama
/title/tt0026138/,Drama
/title/tt0097937/,Drama
/title/tt10280296/,Drama
/title/tt0050083/,Drama
/title/tt0083922/,Drama
/title/tt1832382/,Drama
/title/tt0140888/,Drama
/title/tt0094006/,Drama
/title/tt0110005/,Drama
/title/tt1028532/,Drama
/title/tt0017136/,Drama
/title/tt0421715/,Drama
/title/tt0058946/,Drama
/title/tt0119174/,Drama
/title/tt0099077/,Drama
/title/tt0102138/,Drama
/title/tt0074119/,Drama
/title/tt0055031/,Drama
/title/tt0056217/,Drama
/title/tt0119217/,Drama
/title/tt0369702/,Drama
/title/tt0117333/,Drama
/title/tt0114388/,Drama
/title/tt2209418/,Drama
/title/tt0108399/,Drama
/title/tt0090756/,Drama
/title/tt0053198/,Drama
/title/tt0112641/,Drama
/title/tt0110912/,Drama
/title/tt0033467/,Drama
/title/tt0059113/,Drama
/title/tt0824747/,Drama
/title/tt0061809/,Drama
/title/tt0257044/,Drama
/title/tt4857264/,Drama
/title/tt0056869/,Drama
/title/tt0081505/,Drama
/title/tt0108101/,Drama
/title/tt0056801/,Drama
/title/tt0104257/,Drama
/title/tt6155172/,Drama
/title/tt0087884/,Drama
/title/tt0167404/,Drama
/title/tt0117318/,Drama
/title/tt0114814/,Drama
/title/tt0043014/,Drama
/title/tt0175880/,Drama
/title/tt0120586/,Drama
/title/tt0060827/,Drama
/title/tt1403865/,Drama
/title/tt0052561/,Drama
/title/tt0037558/,Drama
/title/tt0091763/,Drama
/title/tt0469494/,Drama
/title/tt0083987/,Drama
/title/tt0117631/,Drama
/title/tt0044079/,Drama
/title/tt0077416/,Drama
/title/tt0021884/,Drama
/title/tt0112471/,Drama
/title/tt2758880/,Drama
/title/tt1125849/,Drama
/title/tt0037008/,Drama
/title/tt0482571/,Drama
/title/tt0081398/,Drama
/title/tt0019254/,Drama
/title/tt0039689/,Drama
/title/tt1853728/,Drama
/title/tt0166924/,Drama
/title/tt8267604/,Drama
/title/tt0101921/,Drama
/title/tt1504320/,Drama
/title/tt0116231/,Drama
/title/tt0246578/,Drama
/title/tt2582802/,Drama
/title/tt0092593/,Drama
/title/tt0064665/,Drama
/title/tt0099685/,Drama
/title/tt0119488/,Drama
/title/tt0048424/,Drama
/title/tt0110729/,Drama
/title/tt0036244/,Drama
/title/tt0051036/,Drama
/title/tt0112682/,Drama
/title/tt0363163/,Drama
/title/tt1013753/,Drama
/title/tt0100150/,Drama
/title/tt0086979/,Drama
/title/tt0168629/,Drama
/title/tt0276919/,Drama
/title/tt0061811/,Drama
/title/tt0117951/,Drama
/title/tt0071315/,Drama
/title/tt1010048/,Drama
/title/tt0352248/,Drama
/title/tt0120324/,Drama
/title/tt0075314/,Drama
/title/tt1069238/,Drama
/title/tt0077402/,Other
/title/tt0020530/,Other
/title/tt0230600/,Other
/title/tt0070047/,Other
/title/tt0107688/,Other
/title/tt1821480/,Other
/title/tt0047396/,Other
/title/tt0064116/,Other
/title/tt0030341/,Other
/title/tt0059578/,Other
/title/tt0117571/,Other
/title/tt0114746/,Other
/title/tt0101414/,Other
/title/tt0066921/,Other
/title/tt0115736/,Other
/title/tt0054215/,Other
/title/tt0026029/,Other
/title/tt0038355/,Other
/title/tt0116282/,Other
/title/tt0013442/,Other
/title/tt0053221/,Other
/title/tt0041959/,Other
/title/tt0111149/,Other
/title/tt0022100/,Other
/title/tt1130884/,Other
/title/tt0032455/,Other
/title/tt0033870/,Other
/title/tt0401792/,Other
/title/tt0078748/,Other
/title/tt0084787/,Other
/title/tt0085809/,Other
/title/tt0052357/,Other
/title/tt0046912/,Other
/title/tt0010323/,Other
/title/tt0069281/,Other
/title/tt0036342/,Other
/title/tt0057129/,Other
/title/tt0067992/,Other
/title/tt0209144/,Other
/title/tt0120188/,Comedy
/title/tt0114924/,Comedy
/title/tt0374887/,Comedy
/title/tt0978762/,Comedy
/title/tt0120363/,Comedy
/title/tt4729430/,Comedy
/title/tt1022603/,Comedy
/title/tt0077975/,Comedy
/title/tt0032904/,Comedy
/title/tt0425112/,Comedy
/title/tt0100519/,Comedy
/title/tt0120382/,Comedy
/title/tt0114478/,Comedy
/title/tt0333766/,Comedy
/title/tt0025878/,Comedy
/title/tt0118843/,Comedy
/title/tt0102536/,Comedy
/title/tt0085859/,Comedy
/title/tt0101700/,Comedy
/title/tt0078446/,Comedy
/title/tt0449059/,Comedy
/title/tt0108598/,Comedy
/title/tt0017925/,Comedy
/title/tt0114787/,Comedy
/title/tt0106308/,Comedy
/title/tt0107616/,Comedy
/title/tt0069704/,Comedy
/title/tt0067185/,Comedy
/title/tt0113326/,Comedy
/title/tt0032553/,Comedy
/title/tt0065988/,Comedy
/title/tt0031679/,Comedy
/title/tt0103873/,Comedy
/title/tt0036613/,Comedy
/title/tt0107048/,Comedy
/title/tt0070735/,Comedy
/title/tt2948356/,Comedy
/title/tt1675434/,Comedy
/title/tt0340377/,Comedy
/title/tt0012349/,Comedy
/title/tt0072431/,Comedy
/title/tt0092610/,Comedy
/title/tt0105151/,Comedy
/title/tt0071230/,Comedy
/title/tt0045152/,Comedy
/title/tt0088794/,Comedy
/title/tt5027774/,Comedy
/title/tt1049413/,Comedy
/title/tt0129387/,Comedy
/title/tt0335266/,Comedy
/title/tt0029947/,Comedy
/title/tt0272338/,Comedy
/title/tt0093822/,Comedy
/title/tt0073707/,Comedy
/title/tt0107653/,Comedy
/title/tt0119822/,Comedy
/title/tt0108122/,Comedy
/title/tt0103639/,Comedy
/title/tt2948372/,Comedy
/title/tt0088258/,Comedy
/title/tt0041546/,Comedy
/title/tt0075686/,Comedy
/title/tt0094336/,Comedy
/title/tt2096673/,Comedy
/title/tt0095159/,Comedy
/title/tt0113749/,Comedy
/title/tt0046359/,Comedy
/title/tt0059026/,Comedy
/title/tt0096283/,Comedy
/title/tt0435761/,Comedy
/title/tt0125664/,Comedy
/title/tt0120789/,Comedy
/title/tt0097223/,Comedy
/title/tt0117589/,Comedy
/title/tt0086373/,Comedy
/title/tt0120601/,Comedy
/title/tt0993846/,Comedy
/title/tt0073629/,Comedy
/title/tt0079522/,Comedy
/title/tt0092991/,Comedy
/title/tt0118715/,Comedy
/title/tt0146882/,Comedy
/title/tt0112431/,Comedy
/title/tt0114011/,Comedy
/title/tt0098635/,Comedy
/title/tt0103130/,Comedy
/title/tt0158983/,Comedy
/title/tt0110877/,Comedy
/title/tt0015324/,Comedy
/title/tt0063462/,Comedy
/title/tt0119164/,Comedy
/title/tt0190590/,Comedy
/title/tt0112691/,Comedy
/title/tt2015381/,Comedy
/title/tt0120735/,Comedy
/title/tt0109445/,Comedy
/title/tt0047437/,Comedy
/title/tt0078841/,Comedy
/title/tt0116191/,Comedy
/title/tt0150662/,Comedy
/title/tt0080339/,Comedy
/title/tt0780536/,Comedy
/title/tt0120587/,Comedy
/title/tt0056923/,Comedy
/title/tt0147612/,Comedy
/title/tt0109045/,Comedy
/title/tt0292490/,Comedy
/title/tt0035446/,Comedy
/title/tt0126029/,Comedy
/title/tt0242519/,Comedy
/title/tt0126886/,Comedy
/title/tt0138097/,Comedy
/title/tt0118842/,Comedy
/title/tt0071853/,Comedy
/title/tt0088763/,Comedy
/title/tt0119654/,Comedy
/title/tt3501632/,Comedy
/title/tt0112950/,Comedy
/title/tt0405508/,Comedy
/title/tt0382932/,Comedy
/title/tt0375063/,Comedy
/title/tt0079470/,Comedy
/title/tt0014429/,Comedy
/title/tt0085334/,Comedy
/title/tt0057012/,Comedy
/title/tt2278388/,Comedy
/title/tt0198781/,Comedy
/title/tt0117128/,Comedy
/title/tt0058331/,Comedy
/title/tt0027977/,Comedy
/title/tt0097165/,Comedy
/title/tt8108198/,Comedy
/title/tt0162346/,Comedy
/title/tt1655442/,Comedy
/title/tt0060345/,Comedy
/title/tt1250777/,Comedy
/title/tt0070510/,Comedy
/title/tt0080455/,Comedy
/title/tt0066026/,Comedy
/title/tt0053779/,Comedy
/title/tt0090967/,Comedy
/title/tt0089606/,Comedy
/title/tt0119229/,Comedy
/title/tt0097493/,Comedy
/title/tt2338151/,Comedy
/title/tt0109707/,Comedy
/title/tt0098258/,Comedy
/title/tt0100436/,Comedy
/title/tt0106677/,Comedy
/title/tt0116695/,Comedy
/title/tt0112302/,Comedy
/title/tt0115640/,Comedy
/title/tt0025316/,Comedy
/title/tt0312004/,Comedy
/title/tt1187043/,Comedy
/title/tt7653254/,Comedy
/title/tt0099334/,Comedy
/title/tt0117802/,Comedy
/title/tt0091042/,Comedy
/title/tt0082269/,Comedy
/title/tt0120630/,Comedy
/title/tt0266543/,Comedy
/title/tt0095631/,Comedy
/title/tt6751668/,Comedy
/title/tt0053291/,Comedy
/title/tt0112697/,Comedy
/title/tt0118799/,Comedy
/title/tt0034240/,Comedy
/title/tt0091288/,Comedy
/title/tt0139239/,Comedy
/title/tt0089886/,Comedy
/title/tt0061852/,Comedy
/title/tt0120623/,Comedy
/title/tt1954470/,Comedy
/title/tt0042546/,Comedy
/title/tt0111507/,Comedy
/title/tt0026778/,Comedy
/title/tt0181875/,Comedy
/title/tt0045061/,Comedy
/title/tt0054698/,Comedy
/title/tt0053604/,Comedy
/title/tt0208092/,Comedy
/title/tt0117887/,Comedy
/title/tt0120655/,Comedy
/title/tt0114709/,Comedy
/title/tt0109117/,Comedy
/title/tt0061722/,Comedy
/title/tt0080520/,Comedy
/title/tt2380307/,Comedy
/title/tt0103905/,Comedy
/title/tt0021749/,Comedy
/title/tt0038650/,Comedy
/title/tt0120780/,Comedy
/title/tt0032599/,Comedy
/title/tt0211915/,Comedy
/title/tt0268126/,Comedy
/title/tt3011894/,Comedy
/title/tt0088847/,Comedy
/title/tt0097123/,Comedy
/title/tt0023969/,Comedy
/title/tt0365748/,Comedy
/title/tt0467406/,Comedy
/title/tt6966692/,Comedy
/title/tt0071129/,Comedy
/title/tt0046250/,Comedy
/title/tt0105488/,Comedy
/title/tt3783958/,Comedy
/title/tt0015864/,Comedy
/title/tt0116629/,Action/Adventure
/title/tt0113277/,Action/Adventure
/title/tt0055630/,Action/Adventure
/title/tt0440963/,Action/Adventure
/title/tt0112817/,Action/Adventure
/title/tt0110413/,Action/Adventure
/title/tt0061418/,Action/Adventure
/title/tt0325980/,Action/Adventure
/title/tt0338564/,Action/Adventure
/title/tt0047478/,Action/Adventure
/title/tt0116908/,Action/Adventure
/title/tt2488496/,Action/Adventure
/title/tt0117500/,Action/Adventure
/title/tt0290334/,Action/Adventure
/title/tt0181689/,Action/Adventure
/title/tt0117438/,Action/Adventure
/title/tt0104361/,Action/Adventure
/title/tt0129167/,Action/Adventure
/title/tt0468569/,Action/Adventure
/title/tt0206634/,Action/Adventure
/title/tt0058461/,Action/Adventure
/title/tt0071411/,Action/Adventure
/title/tt0499549/,Action/Adventure
/title/tt0190332/,Action/Adventure
/title/tt0056058/,Action/Adventure
/title/tt0050212/,Action/Adventure
/title/tt0049730/,Action/Adventure
/title/tt0063442/,Action/Adventure
/title/tt0087544/,Action/Adventure
/title/tt8579674/,Action/Adventure
/title/tt0097576/,Action/Adventure
/title/tt0106977/,Action/Adventure
/title/tt5074352/,Action/Adventure
/title/tt0062622/,Action/Adventure
/title/tt0092067/,Action/Adventure
/title/tt0053125/,Action/Adventure
/title/tt0112384/,Action/Adventure
/title/tt0454876/,Action/Adventure
/title/tt0119116/,Action/Adventure
/title/tt3315342/,Action/Adventure
/title/tt0462322/,Action/Adventure
/title/tt0052618/,Action/Adventure
/title/tt0049833/,Action/Adventure
/title/tt0054331/,Action/Adventure
/title/tt0094625/,Action/Adventure
/title/tt1136608/,Action/Adventure
/title/tt0032138/,Action/Adventure
/title/tt0105946/,Action/Adventure
/title/tt0361748/,Action/Adventure
/title/tt0104684/,Action/Adventure
/title/tt0099810/,Action/Adventure
/title/tt0083866/,Action/Adventure
/title/tt0072684/,Action/Adventure
/title/tt0042041/,Action/Adventure
/title/tt0816692/,Action/Adventure
/title/tt0038574/,Action/Adventure
/title/tt0910970/,Action/Adventure
/title/tt0057115/,Action/Adventure
/title/tt1170358/,Action/Adventure
/title/tt0133093/,Action/Adventure
/title/tt1160419/,Action/Adventure
/title/tt1555149/,Action/Adventure
/title/tt0029583/,Action/Adventure
/title/tt0067116/,Action/Adventure
/title/tt0317705/,Action/Adventure
/title/tt0498380/,Action/Adventure
/title/tt0083658/,Action/Adventure
/title/tt0266697/,Action/Adventure
/title/tt0095250/,Action/Adventure
/title/tt0121766/,Action/Adventure
/title/tt6148156/,Action/Adventure
/title/tt0109506/,Action/Adventure
/title/tt0100263/,Action/Adventure
/title/tt0245429/,Action/Adventure
/title/tt0107290/,Action/Adventure
/title/tt0088247/,Action/Adventure
/title/tt0046268/,Action/Adventure
/title/tt0065214/,Action/Adventure
/title/tt0080684/,Action/Adventure
/title/tt0848228/,Action/Adventure
/title/tt1345836/,Action/Adventure
/title/tt0450259/,Action/Adventure
/title/tt0117731/,Action/Adventure
/title/tt0060196/,Action/Adventure
/title/tt0116409/,Action/Adventure
/title/tt0073195/,Action/Adventure
/title/tt0319061/,Action/Adventure
/title/tt0169858/,Action/Adventure
/title/tt0091203/,Action/Adventure
/title/tt0086190/,Action/Adventure
/title/tt0381061/,Action/Adventure
/title/tt0068473/,Action/Adventure
/title/tt0090605/,Action/Adventure
/title/tt0378194/,Action/Adventure
/title/tt0299977/,Action/Adventure
/title/tt0054047/,Action/Adventure
/title/tt0758758/,Action/Adventure
/title/tt0092106/,Action/Adventure
/title/tt0780504/,Action/Adventure
/title/tt0475276/,Action/Adventure
/title/tt0097202/,Action/Adventure
/title/tt1139797/,Action/Adventure
/title/tt0058150/,Action/Adventure
/title/tt1291584/,Action/Adventure
/title/tt0076759/,Action/Adventure
/title/tt0029843/,Action/Adventure
/title/tt0031971/,Action/Adventure
/title/tt0024216/,Action/Adventure
/title/tt1856101/,Action/Adventure
/title/tt0167260/,Action/Adventure
/title/tt1375666/,Action/Adventure
/title/tt0093779/,Action/Adventure
/title/tt0043265/,Action/Adventure
/title/tt1950186/,Action/Adventure
/title/tt0040897/,Action/Adventure
/title/tt3076658/,Action/Adventure
/title/tt0095016/,Action/Adventure
/title/tt0073341/,Action/Adventure
/title/tt1201607/,Action/Adventure
/title/tt0892769/,Action/Adventure
/title/tt0364569/,Action/Adventure
/title/tt0970179/,Action/Adventure
/title/tt0092005/,Action/Adventure
/title/tt0347149/,Action/Adventure
/title/tt0082432/,Action/Adventure
/title/tt0372784/,Action/Adventure
/title/tt0120737/,Action/Adventure
/title/tt0101458/,Action/Adventure
/title/tt0381849/,Action/Adventure
/title/tt0119698/,Action/Adventure
/title/tt4633694/,Action/Adventure
/title/tt1877832/,Action/Adventure
/title/tt0434409/,Action/Adventure
/title/tt0103064/,Action/Adventure
/title/tt0903624/,Action/Adventure
/title/tt0049223/,Action/Adventure
/title/tt0097499/,Action/Adventure
/title/tt1220719/,Action/Adventure
/title/tt0068182/,Action/Adventure
/title/tt3659388/,Action/Adventure
/title/tt0099348/,Action/Adventure
/title/tt0108358/,Action/Adventure
/title/tt0325710/,Action/Adventure
/title/tt0056443/,Action/Adventure
/title/tt0056172/,Action/Adventure
/title/tt0086197/,Action/Adventure
/title/tt1280558/,Action/Adventure
/title/tt3748528/,Action/Adventure
/title/tt5013056/,Action/Adventure
/title/tt0167261/,Action/Adventure
/title/tt1979320/,Action/Adventure
/title/tt10872600/,Action/Adventure
/title/tt1392190/,Action/Adventure
/title/tt0119094/,Action/Adventure
/title/tt4154796/,Action/Adventure
/title/tt0172495/,Action/Adventure
/title/tt0089881/,Action/Adventure
/title/tt4154756/,Action/Adventure
/title/tt0110357/,Action/Adventure
/title/tt0796366/,Action/Adventure
/title/tt0115956/,Action/Adventure
/title/tt0082971/,Action/Adventure